Rk,Player,Age,Team,Pos,G,GS,MP,FG,FGA,FG%,3P,3PA,3P%,2P,2PA,2P%,eFG%,FT,FTA,FT%,ORB,DRB,TRB,AST,STL,BLK,TOV,PF,PTS,Awards,Player-additional
1,Luka Dončić,26,LAL,PG,13,13,37.2,10.8,23.1,0.47,3.7,11.1,0.333,7.2,12,0.596,0.55,9.8,12.4,0.789,0.8,7.9,8.8,9.2,1.9,0.5,4.2,2.7,35.2,,doncilu01
2,Shai Gilgeous-Alexander,27,OKC,PG,19,19,33.3,10.9,19.9,0.548,2.2,5.2,0.414,8.7,14.7,0.595,0.602,8.7,9.7,0.897,0.5,4.4,4.9,6.6,1.6,0.8,1.7,1.8,32.6,,gilgesh01
3,Tyrese Maxey,25,PHI,PG,17,17,39.9,10.8,22.9,0.47,3.9,9.6,0.409,6.8,13.2,0.516,0.557,6.8,7.7,0.878,0.3,4.1,4.4,7.5,1.6,0.8,2.7,2.4,32.2,,maxeyty01
4,Giannis Antetokounmpo,31,MIL,PF,13,13,31.8,12,19.1,0.629,0.7,1.4,0.5,11.3,17.7,0.639,0.647,6.5,10.2,0.636,3.7,7.2,10.8,6.8,0.9,1.2,3.5,2.6,31.2,,antetgi01
5,Donovan Mitchell,29,CLE,SG,17,17,34,10.2,20.4,0.503,3.9,10.3,0.383,6.3,10.1,0.626,0.6,5.5,6.6,0.832,0.8,3.9,4.8,5.5,1.4,0.4,3.2,2.2,29.9,,mitchdo01
6,Nikola Jokić,30,DEN,C,17,17,34.8,10.8,17.3,0.626,2.1,4.9,0.434,8.7,12.4,0.701,0.687,5.8,6.8,0.853,3.3,9.5,12.8,11.1,1.6,0.8,3.5,3,29.6,,jokicni01
7,Jalen Brunson,29,NYK,PG,15,15,34.1,10.3,21.3,0.481,2.8,7.7,0.365,7.5,13.7,0.546,0.547,5.3,6.2,0.849,0.4,2.9,3.3,6.3,0.7,0.1,2.4,2.5,28.6,,brunsja01
8,Lauri Markkanen,28,UTA,PF,17,17,35.6,9.6,20.4,0.473,3.4,8.9,0.377,6.3,11.5,0.546,0.555,5.9,6.6,0.893,2.3,3.8,6.1,2.2,1,0.5,1.4,1.8,28.5,,markkla01
9,Jaylen Brown,29,BOS,SF,18,18,32.5,10.6,21.4,0.495,1.9,5.7,0.34,8.7,15.7,0.551,0.54,5,6.4,0.776,1.1,4.8,5.8,4.3,0.9,0.4,3.4,3.3,28.2,,brownja02
10,Cade Cunningham,24,DET,PG,15,15,36.3,9.7,21.9,0.445,1.9,6.5,0.299,7.8,15.4,0.506,0.489,6.7,8.1,0.828,1.3,4.8,6.1,9.3,1.3,0.7,3.6,3.7,28.1,,cunnica01
11,Anthony Edwards,24,MIN,SG,14,14,32.9,9.4,19.7,0.475,3.4,8.6,0.392,6,11.1,0.538,0.56,5.9,7.3,0.814,0.9,3.9,4.8,3.6,1.5,0.6,2.6,2,28,,edwaran01
12,Stephen Curry,37,GSW,PG,16,16,31.1,9.1,19.4,0.471,4.7,12,0.391,4.4,7.4,0.602,0.592,4.9,5.4,0.919,0.3,3.4,3.7,4,1.3,0.6,3.1,2.2,27.9,,curryst01
13,James Harden,36,LAC,PG,17,17,35.6,8.1,18,0.451,3.8,10.1,0.378,4.3,7.9,0.545,0.557,7.8,8.6,0.905,0.6,5.1,5.7,8.4,1.1,0.4,3.8,1.9,27.9,,hardeja01
14,Austin Reaves,27,LAL,SG,14,14,36.3,8.6,17.2,0.498,2.4,7.6,0.318,6.1,9.6,0.642,0.568,8.3,9.4,0.879,0.9,4.9,5.7,7,1.4,0.1,3.2,2.5,27.9,,reaveau01
15,Tyler Herro,26,MIA,SG,2,2,31,10.5,16.5,0.636,1.5,3.5,0.429,9,13,0.692,0.682,4,4,1,1,5,6,3.5,2,0.5,1,1,26.5,,herroty01
16,Victor Wembanyama,22,SAS,C,12,12,34.7,9.3,18.4,0.502,1.7,4.8,0.345,7.6,13.6,0.558,0.548,6,7,0.857,2,10.9,12.9,4,1.1,3.6,3.6,3.7,26.2,,wembavi01
17,Devin Booker,29,PHO,SG,19,19,35.7,8.7,19,0.457,1.9,5.8,0.324,6.8,13.2,0.516,0.507,6.7,7.7,0.871,1,3.3,4.3,6.9,0.9,0.4,3.9,2.9,26,,bookede01
18,Deni Avdija,25,POR,SF,19,19,33.9,8.1,16.9,0.478,2.7,6.9,0.389,5.4,10.1,0.539,0.557,6.6,8.3,0.803,1.3,5.2,6.4,5.5,0.5,0.7,3.6,3.3,25.5,,avdijde01
19,De'Aaron Fox,28,SAS,PG,9,9,33.4,8.7,17.3,0.5,2.4,6.4,0.379,6.2,10.9,0.571,0.571,5.2,6.1,0.855,1.1,2.8,3.9,6.3,1.4,0.3,3.2,3,25,,foxde01
20,Kevin Durant,37,HOU,SF,14,14,36.1,8.3,17.1,0.485,1.7,4.7,0.364,6.6,12.4,0.532,0.536,6.3,7.1,0.88,0.4,4.4,4.8,3.3,1,0.6,3,2.7,24.6,,duranke01
21,Norman Powell,32,MIA,SG,15,15,30.4,7.9,16.1,0.494,3,6.8,0.441,4.9,9.3,0.532,0.587,5.6,6.3,0.884,0.3,3.5,3.9,2.3,1.3,0.2,1.9,2.2,24.5,,powelno01
22,Michael Porter Jr.,27,BRK,SF,16,16,32.6,8.7,18,0.483,3.1,8.6,0.362,5.6,9.4,0.593,0.569,3.8,4.5,0.833,1.1,6.3,7.4,3,0.8,0.2,2.1,2.1,24.3,,portemi01
23,Coby White,25,CHI,SG,4,2,31,6.8,15.5,0.435,3.5,9.5,0.368,3.3,6,0.542,0.548,7,8.5,0.824,0,3.3,3.3,6.8,1,0,3.8,2,24,,whiteco01
24,Pascal Siakam,31,IND,PF,17,17,34.9,8.4,17.8,0.472,1.8,5,0.353,6.6,12.8,0.518,0.521,5.4,7.9,0.679,1.5,5.4,6.9,4.6,1.2,0.5,2.5,3.2,23.9,,siakapa01
25,Keyonte George,22,UTA,PG,17,17,34.6,7.4,16.7,0.444,2.2,6.8,0.319,5.2,9.9,0.53,0.509,6.4,7,0.908,0.6,3.5,4.1,7.2,1.1,0.2,3.3,2.3,23.4,,georgke01
26,Julius Randle,31,MIN,PF,18,18,33.4,7.9,15.8,0.498,1.8,5.1,0.352,6.1,10.8,0.567,0.554,5.9,7.2,0.815,1.6,5.9,7.5,5.7,1.2,0.2,2.7,2.6,23.4,,randlju01
27,Jamal Murray,28,DEN,PG,16,16,35.1,8.4,17.7,0.477,2.8,7.1,0.386,5.7,10.6,0.538,0.555,3.6,4,0.891,0.4,4.2,4.6,6.8,1.1,0.3,2.3,1.6,23.2,,murraja01
28,Kawhi Leonard,34,LAC,SF,8,8,31.9,8.1,16.5,0.492,2.3,5.6,0.4,5.9,10.9,0.54,0.561,4.6,4.8,0.974,0.6,4.6,5.3,3.3,2.4,0.5,2.3,1.8,23.1,,leonaka01
29,Bennedict Mathurin,23,IND,SF,7,7,33.1,6.6,14.7,0.447,2.4,6.3,0.386,4.1,8.4,0.492,0.529,7.4,9.1,0.813,1.3,4.9,6.1,2.1,0.6,0.1,2.9,3.4,23,,mathube01
30,Franz Wagner,24,ORL,SF,19,19,34.5,7.6,15.9,0.477,1.6,4.4,0.357,6,11.5,0.523,0.526,6.2,7.5,0.824,1.6,4.7,6.4,3.9,1,0.4,1.8,2.3,22.9,,wagnefr01
31,Karl-Anthony Towns,30,NYK,C,17,17,33.4,7.2,15.9,0.45,1.8,5.6,0.326,5.4,10.4,0.517,0.507,6.2,7,0.891,3.2,9.1,12.3,3.4,0.9,0.8,2.6,3.6,22.4,,townska01
32,Alperen Şengün,23,HOU,C,16,16,36.6,8,16.6,0.483,1.2,2.9,0.404,6.8,13.6,0.5,0.519,4.8,6.6,0.726,3,6.4,9.4,7.1,1.1,0.9,3.4,3.3,22,,sengual01
33,Brandon Ingram,28,TOR,SF,19,19,33.7,8.1,16.6,0.486,1.4,4.5,0.314,6.6,12.1,0.55,0.529,4.3,5.1,0.845,0.6,5.3,5.9,3.7,1.1,0.7,2.9,2.2,21.8,,ingrabr01
34,Shaedon Sharpe,22,POR,SG,15,14,28.1,7.9,18,0.441,1.7,6.7,0.25,6.3,11.3,0.553,0.487,4.3,5.3,0.8,1.3,3.7,5,2.1,1.3,0.3,2.8,2.1,21.8,,sharpsh01
35,Zion Williamson,25,NOP,PF,9,9,30.9,7.3,14.3,0.512,0,0.1,0,7.3,14.2,0.516,0.512,7.1,10.1,0.703,2.4,3,5.4,4,1.8,0.6,3.1,2.3,21.8,,willizi01
36,Paolo Banchero,23,ORL,PF,12,12,32.8,6.8,14.8,0.461,0.9,3.7,0.25,5.9,11.2,0.53,0.492,7.1,9.3,0.766,0.9,7.8,8.7,4.1,0.8,0.9,2.7,2.4,21.7,,banchpa01
37,Miles Bridges,27,CHO,PF,18,18,34.9,7.3,17.3,0.42,2.9,8.4,0.349,4.3,8.9,0.488,0.505,4.2,4.8,0.874,1.1,5.3,6.4,3.6,0.7,0.6,1.6,1.9,21.7,,bridgmi02
38,Jalen Johnson,24,ATL,SF,17,17,33.9,8.2,14.9,0.547,1.3,3.4,0.386,6.9,11.6,0.594,0.591,3.8,4.8,0.802,1.1,8.4,9.5,7,1.6,0.4,3.1,2.1,21.5,,johnsja05
39,Cam Thomas,24,BRK,SG,8,8,28.3,6.6,16.5,0.402,2,5.6,0.356,4.6,10.9,0.425,0.462,6.1,7,0.875,0.4,1,1.4,2.6,0.5,0.1,2,1.9,21.4,,thomaca02
40,Dillon Brooks,30,PHO,SF,13,13,30.9,7.7,17,0.452,2.5,7.7,0.33,5.2,9.3,0.554,0.527,3.4,3.9,0.863,0.8,2.5,3.2,1.7,1.8,0.2,2.2,3.5,21.3,,brookdi01
41,Anthony Davis,32,DAL,PF,5,5,29.8,7.8,15,0.52,0.6,2.2,0.273,7.2,12.8,0.563,0.54,4.6,6.2,0.742,3.4,6.8,10.2,2.2,1.6,1.2,2.2,2.6,20.8,,davisan02
42,Josh Giddey,23,CHI,PG,15,15,34.1,7.1,15.3,0.463,1.7,4.5,0.388,5.3,10.8,0.494,0.52,4.6,6.1,0.758,1.5,8.3,9.9,9.5,1,0.5,3.6,2.1,20.5,,giddejo01
43,LaMelo Ball,24,CHO,PG,11,11,30.4,6.9,17.9,0.386,2.5,8.9,0.286,4.4,9,0.485,0.457,3.9,4.5,0.878,1.4,5.2,6.5,8.8,1.3,0.1,3.6,3.5,20.3,,ballla01
44,Zach LaVine,30,SAC,SG,17,17,33.4,7.2,14.6,0.49,2.6,7.1,0.375,4.5,7.6,0.597,0.58,3.1,3.4,0.897,0.2,3,3.2,2.2,0.7,0.1,2.4,2.3,20.1,,lavinza01
45,Jimmy Butler,36,GSW,SF,18,18,31.3,6.2,11.6,0.531,0.9,2.1,0.459,5.2,9.6,0.547,0.572,6.7,7.7,0.871,2.2,3.4,5.6,4.9,1.7,0.3,1.4,1.3,20,,butleji01
46,Jalen Duren,22,DET,C,16,16,29,7.1,10.9,0.655,0,0,,7.1,10.9,0.655,0.655,5.5,7.3,0.752,4.4,7.4,11.8,2,0.9,0.9,2.4,3.3,19.8,,durenja01
47,Joel Embiid,31,PHI,C,6,6,23.3,6.7,14.5,0.46,1.5,4.7,0.321,5.2,9.8,0.525,0.511,4.8,5.8,0.829,1.5,4,5.5,3.3,0.8,1.5,2.7,2.2,19.7,,embiijo01
48,Trey Murphy III,25,NOP,SF,19,19,35.5,6.7,14.5,0.46,2.9,7.9,0.371,3.7,6.6,0.568,0.562,3.4,3.7,0.929,1.3,4.8,6.2,3.2,1.7,0.2,2.2,2.3,19.7,,murphtr02
49,Scottie Barnes,24,TOR,PF,19,19,33.2,7.5,14.8,0.509,1.3,3.2,0.393,6.3,11.6,0.541,0.552,3.2,3.7,0.857,2.2,5.7,7.9,5,1.4,1.6,2.2,3.2,19.5,,barnesc01
50,RJ Barrett,25,TOR,SF,17,17,30.9,7.1,13.9,0.506,1.8,5.1,0.356,5.2,8.8,0.593,0.572,3.4,4.7,0.725,0.7,4.1,4.8,3.8,0.8,0.2,1.5,2.6,19.4,,barrerj01
51,Bam Adebayo,28,MIA,C,13,13,30.2,6.6,14.7,0.45,1.8,5.2,0.338,4.8,9.5,0.512,0.51,4.2,5.1,0.818,1.2,7.2,8.4,2.7,0.8,0.8,1.8,1.5,19.2,,adebaba01
52,Jerami Grant,31,POR,PF,18,6,28.7,5.5,12.2,0.45,2.1,5.3,0.396,3.4,6.9,0.492,0.536,6.1,7.1,0.852,1.1,2.4,3.5,2.4,0.8,0.4,2,3.1,19.2,,grantje01
53,Aaron Gordon,30,DEN,PF,13,13,28.3,6.3,11.8,0.532,2.2,4.8,0.444,4.2,7,0.593,0.623,4,4.6,0.867,1.5,4.5,5.9,1.3,0.8,0.2,1.4,1.8,18.8,,gordoaa01
54,Keegan Murray,25,SAC,PF,4,3,38,7.3,15.5,0.468,2.3,7,0.321,5,8.5,0.588,0.54,2,2.3,0.889,1.3,6.3,7.5,1.8,1.3,1,0.3,1.8,18.8,,murrake02
55,Evan Mobley,24,CLE,PF,18,18,34.2,6.7,13.6,0.496,1.5,4.2,0.36,5.2,9.4,0.556,0.551,3.7,6.3,0.593,2.4,6.2,8.7,3.9,1.1,1.6,2.7,2.3,18.7,,mobleev01
56,Kristaps Porziņģis,30,ATL,C,12,12,26.3,6.2,12.8,0.481,1.7,4.9,0.339,4.5,7.9,0.568,0.545,4.7,5.4,0.862,1.6,4.3,5.9,3.3,0.4,1.6,0.9,3.3,18.7,,porzikr01
57,Alex Sarr,20,WAS,C,15,15,29.5,7.7,14.8,0.523,1.1,3.2,0.354,6.6,11.6,0.569,0.561,2.1,3.3,0.653,2.4,6.1,8.5,3.4,0.7,2,2.2,2.1,18.7,,sarral01
58,Nickeil Alexander-Walker,27,ATL,SG,17,14,31.9,6.4,13.8,0.46,2.3,6.4,0.358,4.1,7.4,0.548,0.543,3.6,4.4,0.838,0.7,2.4,3.1,3.6,0.9,0.9,2.2,2,18.6,,alexani01
59,Kon Knueppel,20,CHO,SF,18,17,33.3,6.5,13.7,0.476,3.5,8.4,0.417,3,5.3,0.568,0.604,2.1,2.4,0.884,1.1,4.7,5.7,2.8,0.7,0.2,2.4,2.3,18.6,,knuepko01
60,Ryan Rollins,23,MIL,PG,19,18,32.1,7.2,14.7,0.489,2.4,6,0.404,4.8,8.7,0.548,0.571,1.7,2.2,0.786,0.8,3.3,4.2,5.9,1.5,0.3,2.7,2.7,18.6,,rolliry01
61,Grayson Allen,30,PHO,SG,13,13,32.1,6.2,13.3,0.468,3.9,8.8,0.447,2.3,4.5,0.508,0.616,2.1,2.6,0.794,0.5,2.6,3.1,4.3,1.6,0.3,1.8,2.3,18.5,,allengr01
62,DeMar DeRozan,36,SAC,PF,19,19,32.9,6.5,13.1,0.494,0.7,2,0.342,5.8,11.1,0.521,0.52,4.6,5.2,0.898,0.5,2.6,3.1,3.6,1.2,0.2,1.1,2.1,18.3,,derozde01
63,Jaren Jackson Jr.,26,MEM,C,17,17,29.4,6.5,14.2,0.461,1.8,5.1,0.356,4.7,9.1,0.519,0.525,3.4,4.2,0.817,1,4.3,5.3,1.6,0.6,1.2,2.1,4.2,18.3,,jacksja02
64,CJ McCollum,34,WAS,SG,17,17,29.6,6.4,14.7,0.436,3,7.1,0.421,3.4,7.6,0.45,0.538,2.4,3.1,0.788,0.6,2.7,3.4,3.4,0.7,0.2,1.5,2.3,18.2,,mccolcj01
65,De'Andre Hunter,28,CLE,SF,15,15,28.9,6.1,13.5,0.453,2.3,6.9,0.33,3.9,6.7,0.58,0.537,3.5,4.1,0.855,0.8,4,4.8,2.8,0.7,0.2,1.7,2.7,18.1,,huntede01
66,Chet Holmgren,23,OKC,PF,15,15,29.4,6.6,12.1,0.547,1.5,4.2,0.349,5.1,7.9,0.653,0.608,3.2,3.8,0.842,1.5,6.5,7.9,1.8,0.7,1.5,2.3,3.3,17.9,,holmgch01
67,Ja Morant,26,MEM,PG,12,12,28.8,5.8,16.3,0.359,0.8,5,0.167,5,11.3,0.444,0.385,5.4,5.8,0.942,0.5,3,3.5,7.6,1,0.1,3.8,2.3,17.9,,moranja01
68,Trae Young,27,ATL,PG,5,5,27.8,5.2,14,0.371,1,5.2,0.192,4.2,8.8,0.477,0.407,6.4,7.8,0.821,0,2,2,7.8,0.8,0.2,2,1.8,17.8,,youngtr01
69,LeBron James,41,LAL,SF,3,3,32,7,13.3,0.525,1.3,4,0.333,5.7,9.3,0.607,0.575,2.3,4,0.583,0.7,4.3,5,8.7,1,0.3,2,1.7,17.7,,jamesle01
70,Andrew Nembhard,26,IND,PG,11,11,30.8,5.5,13.8,0.395,1.8,5.5,0.333,3.6,8.4,0.435,0.461,4.7,5.4,0.881,0.3,1.5,1.8,6.2,0.9,0.2,2.4,2.5,17.5,,nembhan01
71,Amen Thompson,23,HOU,SF,16,16,36.6,6.9,14.4,0.478,0.5,2.3,0.222,6.4,12.1,0.526,0.496,3.2,4,0.797,2.5,4.4,6.9,5.1,1.4,0.4,2.3,2.6,17.4,,thompam01
72,Desmond Bane,27,ORL,SG,19,19,32.4,6.2,14.2,0.433,1.6,4.9,0.333,4.5,9.3,0.486,0.491,3.4,3.6,0.928,1.2,3.2,4.3,4.6,0.8,0.3,2.3,3.1,17.3,,banede01
73,Stephon Castle,21,SAS,PG,13,13,32,5.9,11.9,0.497,0.9,3.8,0.24,5,8.1,0.619,0.535,4.5,6.5,0.694,1.5,4.3,5.8,7.5,1.7,0.4,4,3.6,17.3,,castlst01
74,Jordan Poole,26,NOP,PG,7,4,30.3,5,14.1,0.354,2.9,8.4,0.339,2.1,5.7,0.375,0.455,4.4,4.6,0.969,0.4,1.3,1.7,3.4,0.3,0.3,2.1,2.6,17.3,,poolejo01
75,Domantas Sabonis,29,SAC,C,11,11,33.2,6.7,13.2,0.51,0.4,1.8,0.2,6.4,11.4,0.56,0.524,3.4,4.6,0.725,3.4,8.9,12.3,3.7,1.2,0.2,2.5,4,17.2,,sabondo01
76,Brandon Miller,23,CHO,SF,4,4,23.3,5.8,13.8,0.418,2,7.5,0.267,3.8,6.3,0.6,0.491,3.5,4.3,0.824,0,1.3,1.3,3.5,1,0.5,1.8,2.5,17,,millebr02
77,Kelly Oubre Jr.,30,PHI,SF,12,12,34.8,6.2,12.4,0.497,1.9,5.6,0.343,4.3,6.8,0.622,0.574,2.5,3.2,0.789,1.2,3.9,5.1,1.3,1.1,0.8,1.5,2.7,16.8,,oubreke01
78,Jrue Holiday,35,POR,PG,12,12,33.4,6.2,13.8,0.446,2.6,7.1,0.365,3.6,6.8,0.531,0.539,1.8,2.1,0.84,1.3,3.9,5.3,8.3,1.6,0.3,2.9,2,16.7,,holidjr01
79,Nikola Vučević,35,CHI,C,16,16,30.6,6.6,13.4,0.495,2.1,5.1,0.407,4.6,8.3,0.549,0.572,1.4,1.8,0.786,2.3,7.4,9.6,3.4,0.6,0.4,1.7,2.5,16.7,,vucevni01
80,Payton Pritchard,28,BOS,PG,18,18,32.5,6,13.4,0.448,2.7,7.8,0.34,3.3,5.6,0.6,0.548,1.9,2.3,0.833,1.1,3.3,4.3,4.9,0.7,0.1,1.3,1.8,16.6,,pritcpa01
81,Ivica Zubac,28,LAC,C,18,18,31.8,7.4,12.1,0.61,0,0,,7.4,12.1,0.61,0.61,1.8,2.5,0.733,3.7,7.8,11.5,2.4,0.5,0.9,1.9,2.6,16.6,,zubaciv01
82,Kyshawn George,22,WAS,SF,15,15,31.6,5.9,12.3,0.484,2.5,5.6,0.44,3.5,6.7,0.52,0.584,2.2,3,0.733,0.9,5.4,6.3,4.9,1.1,0.9,3.5,4.4,16.5,,georgky01
83,Mikal Bridges,29,NYK,SF,17,17,35.2,6.3,12,0.525,2.2,5.4,0.413,4.1,6.6,0.616,0.618,1.5,1.9,0.788,1.2,3.4,4.6,4.6,2.1,1.2,1.1,1.9,16.4,,bridgmi01
84,Ayo Dosunmu,26,CHI,SG,15,3,26.5,5.9,10.5,0.563,1.9,3.9,0.475,4.1,6.6,0.616,0.652,2.7,3.1,0.851,0.4,2.2,2.6,2.9,0.5,0.3,1.3,1.7,16.4,,dosunay01
85,Onyeka Okongwu,25,ATL,C,18,7,29.1,6,11.5,0.522,2,4.8,0.414,4,6.7,0.6,0.609,2.4,3.2,0.772,1.6,5.6,7.1,2.6,0.8,1,1.7,3.5,16.4,,okongon01
86,Andrew Wiggins,30,MIA,SF,16,16,32.9,6.5,13.7,0.475,1.8,5,0.35,4.8,8.7,0.547,0.539,1.6,2.5,0.65,1.5,3.3,4.8,2.8,1.1,1,1.9,2.6,16.4,,wiggian01
87,Quentin Grimes,25,PHI,SG,17,2,31.7,5.1,11.5,0.446,2.4,6.4,0.38,2.7,5.1,0.529,0.551,3.6,4.2,0.847,0.3,3.2,3.5,4.1,0.8,0.5,2.6,2.4,16.2,,grimequ01
88,Jaime Jaquez Jr.,24,MIA,SF,19,0,29.7,6.5,12.2,0.53,0.4,1.7,0.219,6.1,10.5,0.58,0.545,2.8,3.7,0.771,1.4,4.9,6.3,5.3,0.6,0.2,2.1,2.2,16.2,,jaqueja01
89,Jaden McDaniels,25,MIN,PF,17,17,32,6.2,11.6,0.53,1.6,3.4,0.466,4.6,8.2,0.557,0.598,2.2,2.5,0.86,1.2,3.6,4.9,2.4,1.2,1.1,2.1,3.6,16.1,,mcdanja02
90,Derrick White,31,BOS,SG,18,18,33,5.4,14.9,0.362,2.7,8.5,0.32,2.7,6.4,0.417,0.453,2.5,2.9,0.849,0.9,3.2,4.2,5.1,1.8,1.3,1.4,2,16,,whitede01
91,Cooper Flagg,19,DAL,PG,18,18,33.6,6.2,13.7,0.451,1,3.8,0.261,5.2,9.8,0.525,0.488,2.6,3.2,0.793,1.3,5.2,6.4,3.1,1.3,0.7,2.2,2.3,15.9,,flaggco01
92,Ajay Mitchell,23,OKC,SG,19,5,27.5,5.8,12.5,0.464,1.2,3.5,0.333,4.6,9,0.515,0.511,3.2,3.7,0.859,0.6,2.9,3.6,3.8,1.7,0.3,1.7,2.2,15.9,,mitchaj01
93,OG Anunoby,28,NYK,PF,12,12,31.1,5.8,12.3,0.476,2.6,6.6,0.392,3.3,5.7,0.574,0.582,1.6,2.1,0.76,1.6,4,5.6,2.2,1.9,0.7,1.8,2.3,15.8,,anunoog01
94,Collin Sexton,27,CHO,SG,17,10,26.1,5.2,10.9,0.481,1.3,3.5,0.367,3.9,7.4,0.536,0.541,4,4.6,0.861,0.3,1.8,2.1,4.5,0.6,0,2.6,2.1,15.8,,sextoco01
95,P.J. Washington,27,DAL,PF,18,18,31.5,5.7,13,0.436,1.6,4.7,0.329,4.1,8.3,0.497,0.496,2.8,4.1,0.676,1.3,6.5,7.8,2.3,0.9,1.2,2.6,2.3,15.7,,washipj01
96,VJ Edgecombe,20,PHI,SG,15,15,37.3,5.9,14.4,0.407,2,5.5,0.366,3.9,8.9,0.433,0.477,1.9,2.5,0.737,2.1,3.9,6,4.2,1.3,0.5,1.9,3.1,15.6,,edgecvj01
97,Deandre Ayton,27,LAL,C,15,15,29.2,7.3,10.5,0.696,0,0,,7.3,10.5,0.696,0.696,0.9,1.5,0.565,2.8,5.6,8.4,0.9,0.7,0.9,2.4,3,15.5,,aytonde01
98,Jalen Green,23,PHO,SG,2,2,15,5.5,11.5,0.478,3,7,0.429,2.5,4.5,0.556,0.609,1.5,2.5,0.6,1,1,2,2,1,0,1,1,15.5,,greenja05
99,Aaron Nesmith,26,IND,SF,11,11,30.5,4.9,13.4,0.367,2.8,7.5,0.373,2.1,5.8,0.359,0.473,2.8,3.5,0.795,1.5,2.9,4.5,1.5,0.8,0.3,0.7,2.5,15.5,,nesmiaa01
100,Immanuel Quickley,26,TOR,PG,19,19,31.8,5.6,12.4,0.449,2.4,6.5,0.366,3.2,5.9,0.54,0.544,1.9,2.6,0.74,0.4,4.4,4.8,6.1,1.4,0.1,1.6,2.2,15.5,,quickim01
101,Jeremiah Fears,19,NOP,PG,19,17,26.7,5.8,12.8,0.453,1.2,3.3,0.365,4.6,9.5,0.483,0.5,2.3,2.9,0.786,0.7,2.5,3.2,2.7,1.5,0.2,2.3,1.9,15.1,,fearsje01
102,Jabari Smith Jr.,22,HOU,PF,15,15,33.3,5.4,12.2,0.443,2.3,5.8,0.391,3.1,6.4,0.49,0.536,2,2.5,0.789,1.5,5.3,6.7,1.8,0.8,0.8,1.1,3.1,15.1,,smithja05
103,Rui Hachimura,27,LAL,PF,16,16,33.4,5.8,10.1,0.568,1.8,3.8,0.483,3.9,6.4,0.618,0.657,1.6,2.1,0.735,0.8,3.1,3.9,1.1,0.6,0.3,1.1,1.8,14.9,,hachiru01
104,Jarrett Allen,27,CLE,C,14,14,26,5.6,9.8,0.577,0,0.3,0,5.6,9.5,0.594,0.577,3.5,4.6,0.766,2.4,5.2,7.6,1.9,1.1,0.9,1.6,1.5,14.8,,allenja01
105,Aaron Wiggins,27,OKC,SG,9,5,27.6,5.7,12.3,0.459,2.8,6.7,0.417,2.9,5.7,0.51,0.572,0.7,1,0.667,1,2.7,3.7,2.2,0.4,0.8,1,2.2,14.8,,wiggiaa01
106,Walker Kessler,24,UTA,C,5,5,30.8,5.2,7.4,0.703,1.2,1.6,0.75,4,5.8,0.69,0.784,2.8,4,0.7,4.6,6.2,10.8,3,1.4,1.8,3.2,4.4,14.4,,kesslwa01
107,Devin Vassell,25,SAS,SG,17,17,33.4,5.2,12.5,0.415,2.5,6.8,0.374,2.6,5.7,0.464,0.517,1.5,1.8,0.839,0.4,3.4,3.8,2.4,1.1,0.4,1.2,2.1,14.4,,vassede01
108,Reed Sheppard,21,HOU,PG,16,2,24.9,5.3,10.8,0.488,2.8,6.2,0.455,2.4,4.6,0.534,0.619,0.9,1.3,0.714,0.4,2.4,2.8,3.3,1.6,0.4,1.3,2,14.3,,sheppre01
109,Nic Claxton,26,BRK,C,17,17,29.6,5.2,9.4,0.56,0,0.4,0,5.2,9,0.582,0.56,3.6,5.2,0.697,2.9,4.6,7.5,4.1,0.7,1.4,1.4,2.6,14.1,,claxtni01
110,Obi Toppin,27,IND,PF,3,0,27.3,5,12,0.417,1,5.7,0.176,4,6.3,0.632,0.458,3,3,1,1,5.7,6.7,1.7,1,0,2,2.3,14,,toppiob01
111,Russell Westbrook,37,SAC,SF,19,13,28.4,5.2,11.6,0.445,2.1,5.3,0.39,3.1,6.3,0.492,0.534,1.6,2.6,0.633,1.5,5.4,6.9,6.4,1.1,0.2,3.2,2.3,14,,westbru01
112,Sam Merrill,29,CLE,SG,12,8,25.9,4.5,9.7,0.466,3.7,8.3,0.444,0.8,1.4,0.588,0.655,1.3,1.3,0.938,0.8,1.3,2.1,2.3,0.5,0.3,0.8,2.9,13.9,,merrisa01
113,Anfernee Simons,26,BOS,SG,18,0,24.2,4.9,11.2,0.438,2.6,6.4,0.409,2.3,4.8,0.477,0.555,1.5,1.7,0.871,0.3,2,2.3,2.7,0.4,0.2,1.4,2.2,13.9,,simonan01
114,Santi Aldama,25,MEM,PF,19,2,26.5,5.4,11.5,0.47,1.5,4.7,0.322,3.9,6.8,0.574,0.537,1.4,2.2,0.643,1.5,5.1,6.6,2.8,1,0.8,1.1,1.3,13.8,,aldamsa01
115,Matas Buzelis,21,CHI,PF,17,17,27.4,5,10.8,0.464,1.6,4.5,0.368,3.4,6.3,0.533,0.541,2.2,2.5,0.86,1,4.5,5.5,1.3,0.6,1.4,1.9,3,13.8,,buzelma01
116,Jonathan Kuminga,23,GSW,PF,13,12,27.7,5,10.5,0.478,0.9,2.8,0.324,4.1,7.6,0.535,0.522,2.8,3.7,0.771,1.6,5,6.6,2.8,0.4,0.3,2.7,1.9,13.8,,kuminjo01
117,Cedric Coward,22,MEM,SG,19,6,26.8,4.6,9.9,0.466,1.7,4.6,0.375,2.9,5.3,0.545,0.553,2.7,3.1,0.864,1.5,4.5,6,2.8,0.7,0.4,1.3,1.9,13.7,,cowarce01
118,Donte DiVincenzo,29,MIN,SG,18,18,31.2,4.2,10.1,0.418,3,7.8,0.386,1.2,2.3,0.524,0.566,2.2,2.6,0.851,0.8,3.2,3.9,3.3,1.2,0.4,1.5,2.3,13.7,,divindo01
119,Tobias Harris,33,DET,PF,9,9,29.9,4.8,10.7,0.448,1.4,4.4,0.325,3.3,6.2,0.536,0.516,2.7,3,0.889,0.6,4.6,5.1,2.9,0.7,0.4,1,2.7,13.7,,harrito02
120,Jalen Suggs,24,ORL,PG,14,14,23.3,4.6,9,0.508,1.8,5,0.357,2.8,4,0.696,0.607,2.7,3,0.905,0.8,3.1,3.9,5.1,1.6,0.6,2.9,3.2,13.6,,suggsja01
121,Darius Garland,26,CLE,PG,5,5,25.8,4,11.6,0.345,2,5.4,0.37,2,6.2,0.323,0.431,3.4,3.4,1,0.8,1.6,2.4,6,0.6,0,2.6,1.8,13.4,,garlada01
122,Paul George,35,PHI,PF,3,3,22,4,10.3,0.387,1.7,5.3,0.313,2.3,5,0.467,0.468,3.7,5.3,0.688,0.3,4.3,4.7,3.7,1,1,2,0.7,13.3,,georgpa01
123,Kyle Kuzma,30,MIL,PF,18,9,26.3,5,10.3,0.486,0.8,2.9,0.288,4.2,7.4,0.564,0.527,2.4,3.2,0.772,0.8,4,4.8,2,0.7,0.5,1.3,2.6,13.3,,kuzmaky01
124,Isaiah Joe,26,OKC,SG,14,0,24.3,4,9,0.444,2.9,7.3,0.402,1.1,1.7,0.625,0.607,2.3,2.5,0.914,0.5,2.1,2.6,1.5,0.7,0.2,1,1.8,13.2,,joeis01
125,Malik Monk,27,SAC,SG,16,0,23.9,4.9,10.7,0.456,1.9,4.6,0.425,2.9,6.1,0.48,0.547,1.5,1.7,0.889,0.4,1.3,1.7,2.1,0.8,0.5,1.1,1.6,13.2,,monkma01
126,Naz Reid,26,MIN,C,18,0,24.4,5.1,11.2,0.453,2,5.5,0.364,3.1,5.7,0.539,0.542,1,1.4,0.72,1.4,4.2,5.6,1.9,0.9,0.9,1.4,2.8,13.1,,reidna01
127,Dylan Harper,19,SAS,SG,7,0,22.4,4.9,10.3,0.472,0.9,2.3,0.375,4,8,0.5,0.514,2.4,2.9,0.85,1.1,2.7,3.9,3.6,0.9,0,1.6,3,13,,harpedy01
128,Myles Turner,29,MIL,C,19,19,30.1,4.5,10.1,0.445,2.4,5.8,0.405,2.1,4.2,0.5,0.563,1.7,2.4,0.696,1.2,5.5,6.7,1.8,1.1,1.7,1.3,2.7,13,,turnemy01
129,Harrison Barnes,33,SAS,PF,17,17,30.8,4.5,8.5,0.524,2.4,5.2,0.449,2.1,3.3,0.643,0.662,1.6,1.9,0.875,0.8,2.4,3.2,2.1,1.1,0.2,1.3,1.6,12.9,,barneha02
130,Mark Williams,24,PHO,C,16,13,25.6,5.1,7.9,0.651,0,0,,5.1,7.9,0.651,0.651,2.6,3.4,0.764,3.4,5.5,8.9,1.1,1.4,0.9,1,2.9,12.9,,willima07
131,Anthony Black,22,ORL,PG,19,4,27.2,4.7,9.6,0.489,1.2,3.5,0.348,3.5,6.1,0.569,0.552,2.3,3.3,0.694,0.5,2.4,2.9,2.7,1.4,0.6,2.1,2.6,12.8,,blackan01
132,Max Christie,22,DAL,SG,19,16,29.9,4.4,8.9,0.491,2.6,5.5,0.476,1.7,3.4,0.516,0.639,1.4,1.8,0.794,0.1,3.5,3.6,2.2,0.5,0.5,1.3,1.8,12.8,,chrisma02
133,Kevin Huerter,27,CHI,SF,16,5,24.7,4.8,9.8,0.484,1.4,4.8,0.303,3.3,5.1,0.654,0.557,1.6,1.9,0.839,0.6,3,3.6,2.6,0.9,0.9,1.4,2.3,12.6,,huertke01
134,Keldon Johnson,26,SAS,SF,17,0,24.2,4.9,8.6,0.575,0.8,2.5,0.31,4.2,6.1,0.683,0.62,1.8,2.3,0.795,2.2,4.2,6.5,1.8,0.8,0.1,1,1.8,12.5,,johnske04
135,Duncan Robinson,31,DET,SF,18,18,31.9,4.1,9.2,0.446,3.1,7.3,0.417,1.1,1.9,0.559,0.611,1.2,1.6,0.786,0.4,2.4,2.8,1.9,0.9,0.3,0.7,2.6,12.5,,robindu01
136,Saddiq Bey,26,NOP,SF,18,10,27.6,4.4,10.3,0.425,2,5.5,0.364,2.4,4.8,0.494,0.522,1.6,2.4,0.674,1.8,3.8,5.6,2.2,1,0.1,0.6,1.2,12.4,,beysa01
137,Dennis Schröder,32,SAC,PG,18,12,29.2,4.6,11.5,0.396,1.5,4.5,0.333,3.1,7,0.437,0.461,1.8,2.3,0.78,0.4,3.2,3.7,6,0.8,0.2,1.9,1.8,12.4,,schrode01
138,Kel'el Ware,21,MIA,C,19,14,25,4.8,9.1,0.529,1.1,2.5,0.417,3.7,6.5,0.573,0.587,1.7,2.2,0.805,3.3,7.6,10.9,0.6,1.1,1.4,1,1.9,12.4,,wareke01
139,Wendell Carter Jr.,26,ORL,C,18,18,29.4,4.1,7.6,0.54,1.2,2.7,0.449,2.9,4.9,0.591,0.62,2.8,3.5,0.81,2.9,4.6,7.4,1.9,0.6,0.7,1.9,3.9,12.3,,cartewe01
140,Tre Jones,26,CHI,PG,14,11,28.6,3.9,8,0.482,0.4,1.5,0.286,3.4,6.5,0.527,0.509,4.1,4.9,0.841,0.8,2.9,3.7,5.3,1.7,0.2,1.6,1.9,12.3,,jonestr01
141,Derik Queen,21,NOP,C,19,7,23.7,4.7,9.5,0.492,0.1,0.9,0.118,4.6,8.6,0.53,0.497,2.8,3.6,0.779,1.9,4.3,6.3,3.6,1.1,0.8,2.3,3.1,12.3,,queende01
142,Ausar Thompson,23,DET,SF,14,13,28.5,5.1,10.2,0.503,0.4,1.1,0.333,4.8,9.1,0.523,0.521,1.6,3.1,0.523,1.8,4,5.8,2.9,1.6,0.9,1.2,2.7,12.3,,thompau01
143,Noah Clowney,21,BRK,PF,17,11,27.2,3.6,9,0.399,2.1,6.4,0.33,1.5,2.6,0.568,0.516,2.9,3.7,0.794,0.6,2.9,3.5,1.6,0.7,0.6,1.6,2.2,12.2,,clownno01
144,Isaiah Hartenstein,27,OKC,C,19,19,27.8,5.3,7.8,0.671,0,0.2,0,5.3,7.6,0.69,0.671,1.7,2.6,0.64,3.3,7.4,10.7,3.4,1.3,0.8,2.1,2.8,12.2,,harteis01
145,Moses Moody,23,GSW,SG,18,10,26,3.8,9.4,0.408,2.6,6.6,0.398,1.2,2.8,0.431,0.547,1.9,2.3,0.854,0.7,2.7,3.4,1.5,0.9,0.7,1.3,2.2,12.2,,moodymo01
146,Brandin Podziemski,22,GSW,SG,20,8,28.2,4.3,9.7,0.44,1.8,4.6,0.391,2.5,5.1,0.485,0.534,1.9,2.6,0.745,0.6,4,4.6,2.9,1.3,0.3,1.3,2.2,12.2,,podzibr01
147,Collin Gillespie,26,PHO,PG,19,1,25.9,4.2,9.7,0.432,2.6,6.4,0.413,1.6,3.4,0.469,0.568,1.1,1.3,0.833,1,3.1,4.1,5.2,1.2,0.3,1.7,1.5,12.1,,gilleco01
148,Zach Edey,23,MEM,C,6,6,23.5,4.5,7.2,0.628,0.2,0.5,0.333,4.3,6.7,0.65,0.64,2.8,3.2,0.895,3.5,5.3,8.8,0.8,1,1.7,1.7,2.8,12,,edeyza01
149,Toumani Camara,25,POR,PF,19,19,33.7,4.5,11.1,0.403,2.1,6.8,0.308,2.4,4.3,0.556,0.498,0.9,1.3,0.708,2.2,3.1,5.3,2.7,1.1,0.6,2.1,3.2,11.9,,camarto01
150,D'Angelo Russell,29,DAL,PG,17,3,21.4,4.2,10.6,0.392,1.2,4.9,0.25,2.9,5.7,0.515,0.45,2.3,3.3,0.696,0.4,2.4,2.8,4.8,0.5,0.1,2.4,1.4,11.9,,russeda01
151,Quenton Jackson,27,IND,PG,5,3,20.2,4,7.4,0.541,1.2,2.4,0.5,2.8,5,0.56,0.622,2.6,3.6,0.722,1,2.4,3.4,3.6,1,0.2,1.2,2,11.8,,jacksqu01
152,Zaccharie Risacher,20,ATL,SF,16,16,24.4,4.6,10.4,0.446,1.6,5.1,0.309,3.1,5.3,0.576,0.521,0.9,1.4,0.609,0.8,2,2.8,1.6,1.1,0.8,0.8,1.8,11.7,,risacza01
153,John Collins,28,LAC,PF,18,9,26.1,4.4,8.9,0.497,0.9,2.7,0.354,3.5,6.3,0.558,0.55,1.8,2.2,0.8,1.2,3.6,4.8,0.6,0.8,0.6,1.6,2.3,11.6,,collijo01
154,Naji Marshall,28,DAL,SF,19,1,26.4,3.7,7.8,0.473,0.9,3,0.298,2.8,4.8,0.582,0.53,3.3,4.2,0.788,0.7,4.3,4.9,2.3,1.1,0.1,1.2,1.8,11.6,,marshna01
155,Tristan Da Silva,24,ORL,SF,19,7,23.8,4.3,8.9,0.476,1.9,4.7,0.411,2.3,4.2,0.55,0.585,1,1.3,0.792,1,2.9,3.9,1.4,0.8,0.3,0.8,1.1,11.5,,dasiltr01
156,Tari Eason,24,HOU,PF,11,1,23.2,4.3,8.6,0.495,2.5,4.8,0.509,1.8,3.8,0.476,0.637,0.5,0.6,0.714,1.5,3.7,5.2,1.6,0.8,0.5,1.7,1.6,11.5,,easonta01
157,Tre Johnson,19,WAS,SG,15,4,24.3,4.3,9.7,0.445,2,5.1,0.395,2.3,4.7,0.5,0.548,0.9,1.1,0.813,0.5,2.5,3,1.3,0.4,0.5,1.6,1.9,11.5,,johnstr03
158,Christian Braun,24,DEN,SG,11,11,29.5,4.4,8.8,0.495,0.5,2.5,0.214,3.8,6.3,0.609,0.526,2.1,2.6,0.793,1.6,2.7,4.4,3,0.8,0.3,1.3,2.2,11.4,,braunch01
159,Royce O'Neale,32,PHO,SF,19,15,30.2,3.9,9,0.433,3.2,7.4,0.433,0.7,1.6,0.433,0.611,0.4,0.5,0.7,0.8,4.4,5.2,2.7,1.2,0.2,1.5,2.5,11.4,,onealro01
160,Bobby Portis,30,MIL,PF,19,2,21.7,4.6,9.3,0.492,1.5,3.2,0.475,3.1,6.1,0.5,0.573,0.6,0.8,0.688,1.2,4.5,5.7,1.2,0.5,0.1,1.1,1.7,11.3,,portibo01
161,Jaylon Tyson,23,CLE,SG,14,10,26.2,4.2,8,0.527,2.1,4.4,0.475,2.1,3.6,0.588,0.656,0.8,1,0.786,1.5,3.1,4.6,1.8,1.1,0.7,1,3.6,11.3,,tysonja01
162,Jock Landale,30,MEM,C,19,13,22.5,4.4,8.2,0.538,1.2,2.6,0.449,3.3,5.6,0.579,0.609,1.2,1.7,0.697,2.2,3.3,5.4,1.6,0.5,0.4,1.1,2.6,11.2,,landajo01
163,Tim Hardaway Jr.,33,DEN,SG,17,1,23.8,3.8,8.4,0.448,2.3,5.5,0.415,1.5,2.9,0.51,0.584,1.2,1.4,0.875,0.3,1.6,1.9,1.4,0.5,0.1,0.2,1.1,11.1,,hardati02
164,Jaylen Wells,22,MEM,SG,19,19,26.1,4.1,9.8,0.414,1.7,5.2,0.333,2.3,4.6,0.506,0.503,1.3,1.8,0.686,1.2,2.3,3.4,1.7,0.7,0.1,0.7,2.1,11.1,,wellsja01
165,Brandon Williams,26,DAL,PG,17,9,21.9,3.7,9.5,0.389,0.6,3.1,0.192,3.1,6.5,0.482,0.42,2.9,3.6,0.82,0.7,2,2.7,3.9,1.5,0.2,2.2,1.8,10.9,,willibr03
166,A.J. Green,26,MIL,SG,19,19,28.8,3.4,7.1,0.481,3.1,6.5,0.48,0.3,0.6,0.5,0.7,0.8,1.1,0.762,0.1,2.7,2.7,2,0.5,0.1,0.7,3.1,10.8,,greenaj01
167,Jakob Poeltl,30,TOR,C,14,14,26,4.5,6.1,0.733,0,0,,4.5,6.1,0.733,0.733,1.7,3,0.571,2.9,5.2,8.1,1.9,0.7,0.6,1.3,3.4,10.7,,poeltja01
168,Jordan Clarkson,33,NYK,SG,17,0,18.9,4,8.2,0.489,1.3,3.9,0.333,2.7,4.3,0.63,0.568,1.4,1.6,0.852,0.9,0.9,1.9,1.6,0.4,0.2,1.1,2.4,10.6,,clarkjo01
169,Miles McBride,25,NYK,SG,14,5,25.5,3.9,9.2,0.419,2.4,5.9,0.402,1.5,3.4,0.447,0.547,0.6,0.9,0.667,0.6,1.9,2.5,2.5,0.8,0.2,0.8,1.6,10.6,,mcbrimi01
170,Julian Champagnie,24,SAS,SF,17,12,27.9,3.4,8.1,0.416,2.2,5.9,0.376,1.1,2.1,0.528,0.555,1.5,2,0.765,0.9,4.2,5.2,1.4,0.9,0.4,1.2,1.2,10.5,,champju02
171,Derrick Jones Jr.,28,LAC,SF,13,13,24.9,3.8,7.1,0.533,1.2,3.5,0.348,2.5,3.5,0.717,0.62,1.7,2.2,0.786,0.8,1.5,2.4,1.1,0.8,1.2,0.8,2,10.5,,jonesde02
172,Vit Krejci,25,ATL,PG,15,1,23.4,3.7,6.8,0.539,2.6,5.3,0.494,1.1,1.5,0.696,0.73,0.5,0.8,0.667,0.3,1.9,2.1,1.9,0.4,0.2,0.7,2.5,10.5,,krejcvi01
173,Gary Trent Jr.,27,MIL,SG,19,13,28.4,3.6,8.9,0.402,2.4,6.2,0.39,1.2,2.7,0.431,0.538,0.9,1.2,0.739,0.1,1.4,1.4,1.9,1.1,0.1,0.9,1.9,10.5,,trentga02
174,Jarace Walker,22,IND,PF,18,10,27.9,3.4,10.1,0.341,1.7,5.1,0.33,1.8,5.1,0.352,0.423,1.9,2.4,0.814,0.7,4.6,5.3,2.6,0.7,0.4,2.2,2.1,10.5,,walkeja02
175,Rudy Gobert,33,MIN,C,18,18,32.3,4.3,6,0.722,0,0,,4.3,6,0.722,0.722,1.7,3.5,0.492,3.6,6.8,10.3,1.8,0.4,1.8,1.8,3.1,10.4,,goberru01
176,Josh Hart,30,NYK,SF,16,2,27.3,4,8.2,0.489,1.3,3.4,0.382,2.7,4.8,0.566,0.569,1.1,1.5,0.75,1.7,5.4,7.1,4.8,1.1,0.3,1.9,2.7,10.4,,hartjo01
177,Simone Fontecchio,30,MIA,SF,19,0,18.8,3.3,7.8,0.423,2.2,5.6,0.393,1.1,2.2,0.5,0.564,1.5,1.7,0.848,0.5,2.3,2.8,1.6,0.5,0.2,1.1,1.9,10.3,,fontesi01
178,T.J. McConnell,33,IND,PG,8,0,17,4.8,9.5,0.5,0.6,2,0.313,4.1,7.5,0.55,0.533,0.1,0.1,1,0.3,2.4,2.6,4,0.9,0,0.9,1.1,10.3,,mccontj01
179,Isaiah Stewart,24,DET,C,15,5,22.7,3.9,7.7,0.509,1.1,2.7,0.4,2.9,5.1,0.566,0.578,1.4,2,0.7,2.1,4.2,6.3,1.3,0.2,1.9,1.1,3.1,10.3,,stewais01
180,Klay Thompson,35,DAL,SF,18,8,21.6,3.7,10.4,0.351,2.5,7.8,0.321,1.2,2.7,0.438,0.471,0.4,0.4,1,0.3,2.1,2.4,1.5,0.4,0.3,0.9,1,10.3,,thompkl01
181,Donovan Clingan,21,POR,C,19,19,25.4,3.9,8,0.493,0.7,2.9,0.255,3.2,5.1,0.629,0.539,1.6,1.9,0.811,4.7,5.3,10,1.7,0.7,1.5,0.7,2.6,10.2,,clingdo01
182,Sandro Mamukelashvili,26,TOR,C,18,1,18.5,3.7,6.7,0.554,1.1,2.6,0.426,2.6,4.1,0.635,0.636,1.6,2,0.806,1.2,2.8,4,1.8,0.5,0.4,0.8,1.8,10.2,,mamuksa01
183,Jalen Smith,25,CHI,C,17,0,17.1,3.8,7.8,0.481,1.7,4.4,0.387,2.1,3.4,0.603,0.59,1,1.4,0.739,1.9,4,5.9,1.3,0.3,0.7,0.9,2.1,10.2,,smithja04
184,Pelle Larsson,24,MIA,SG,19,15,23.2,3.5,7.5,0.465,1.2,3.5,0.343,2.3,3.9,0.573,0.546,1.9,2.5,0.766,0.5,2.4,2.9,3.5,0.6,0.3,1.3,2.1,10.1,,larsspe01
185,Daniss Jenkins,24,DET,PG,13,4,19.1,3.9,7.7,0.51,1.2,2.5,0.469,2.8,5.2,0.529,0.585,1,1.4,0.722,0.6,1.2,1.8,3.9,1.2,0.1,1.5,1.4,10,,jenkida01
186,Tre Mann,24,CHO,PG,16,1,21.6,3.8,10.4,0.365,1.6,5.2,0.313,2.2,5.3,0.417,0.443,0.8,0.8,0.923,0.7,2.3,3,2.9,0.7,0.1,2,2.2,10,,manntr01
187,Kevin Porter Jr.,25,MIL,PG,1,1,9,3,5,0.6,2,3,0.667,1,2,0.5,0.8,2,2,1,0,0,0,2,1,0,0,0,10,,porteke02
188,Cam Spencer,25,MEM,SG,19,1,20.1,3.2,6.9,0.455,2.1,4.7,0.444,1.1,2.2,0.476,0.606,1.6,1.8,0.882,0.3,1.8,2.1,3.5,0.7,0.1,0.9,1.3,10,,spencca01
189,Ace Bailey,19,UTA,SF,17,8,21.5,3.8,8.5,0.448,1.3,3.9,0.333,2.5,4.6,0.544,0.524,0.9,1.1,0.842,1.8,1.6,3.4,1.7,0.8,0.2,1.4,2.3,9.9,,baileac01
190,Dyson Daniels,22,ATL,SG,19,19,32.9,4.4,9.1,0.486,0.3,1.4,0.192,4.2,7.7,0.537,0.5,0.8,1.3,0.64,2.2,4.2,6.4,5.7,2.2,0.4,2.3,2.5,9.9,,daniedy01
191,Cameron Johnson,29,DEN,SF,16,16,27.8,3.5,7.8,0.448,1.4,3.8,0.361,2.1,4,0.531,0.536,1.6,1.9,0.833,0.8,2.4,3.3,2.1,0.6,0.2,0.9,2.1,9.9,,johnsca02
192,Jake LaRavia,24,LAL,PF,17,6,26.9,3.6,7.5,0.488,1.1,3.1,0.346,2.6,4.4,0.587,0.559,1.5,2.3,0.667,1.2,2.9,4.1,2.2,1.4,0.3,1.1,2.2,9.9,,laravja01
193,Daniel Gafford,27,DAL,C,13,12,24,3.7,6,0.615,0,0,,3.7,6,0.615,0.615,2.4,3,0.795,2.4,4.3,6.7,1.5,0.9,1.6,1.3,3.1,9.8,,gaffoda01
194,Caris LeVert,31,DET,SG,13,0,19.8,3.5,7.1,0.489,1.4,3.3,0.419,2.1,3.8,0.551,0.587,1.5,2.5,0.625,0.3,1.3,1.6,3.2,0.6,0.4,1.5,1.2,9.8,,leverca01
195,Davion Mitchell,27,MIA,PG,19,19,30,3.9,7.7,0.51,1,2.7,0.373,2.9,5.1,0.583,0.575,0.9,1.6,0.6,0.4,2.5,2.9,7.4,1.3,0.1,1.6,2.8,9.8,,mitchda01
196,Peyton Watson,23,DEN,SF,17,7,25.6,3.7,7.3,0.508,1.1,2.6,0.4,2.6,4.6,0.57,0.581,1.3,1.8,0.733,1.3,3.5,4.8,1.6,1.1,1.1,1.4,2.2,9.8,,watsope01
197,Moussa Diabaté,24,CHO,C,18,1,22.7,3.6,5.4,0.66,0,0,,3.6,5.4,0.66,0.66,2.6,3.6,0.708,3.9,4.1,8.1,1.1,0.5,1.3,0.8,2.4,9.7,,diabamo01
198,Jaden Ivey,23,DET,SG,3,0,14,3.7,8.3,0.44,1,3.7,0.273,2.7,4.7,0.571,0.5,1.3,1.7,0.8,0.7,2,2.7,1,0.7,0,0.7,0.7,9.7,,iveyja01
199,Bilal Coulibaly,21,WAS,SG,9,9,26.3,2.9,7.6,0.382,0.9,3.2,0.276,2,4.3,0.462,0.441,2.9,3.6,0.813,0.6,3.2,3.8,3.3,1.1,1,1.6,2.8,9.6,,coulibi01
200,Herbert Jones,27,NOP,SF,16,16,30.3,3.4,8.8,0.39,1.6,4.3,0.362,1.9,4.5,0.417,0.479,1.1,1.4,0.739,0.9,2.8,3.8,2.3,1.4,0.3,1.6,3.6,9.5,,joneshe01
201,Khris Middleton,34,WAS,SF,13,13,25.4,3.7,8,0.462,0.8,2.5,0.333,2.8,5.5,0.521,0.514,1.3,1.7,0.773,1.3,2.8,4.2,3.2,0.8,0.4,1.6,3.1,9.5,,middlkh01
202,Cam Whitmore,21,WAS,SF,17,0,16.8,3.6,7.5,0.488,0.9,2.5,0.349,2.8,4.9,0.56,0.547,1.2,1.6,0.778,0.7,1.9,2.6,0.7,0.8,0.2,0.9,1.3,9.4,,whitmca01
203,Ryan Kalkbrenner,24,CHO,C,16,16,25.6,4.1,5.1,0.802,0,0.1,0,4.1,5,0.813,0.802,1.2,1.6,0.76,3.2,3.6,6.8,0.4,0.8,1.8,1.4,1.8,9.3,,kalkbry01
204,Jordan Miller,26,LAC,SF,3,0,16.3,2.7,5.3,0.5,1.7,3,0.556,1,2.3,0.429,0.656,2.3,2.7,0.875,1,1.7,2.7,1,0.3,0,1,0.7,9.3,,millejo02
205,Svi Mykhailiuk,28,UTA,SF,17,17,26.4,3.5,7.5,0.472,1.9,5.3,0.367,1.6,2.2,0.73,0.602,0.3,0.4,0.833,0.6,1.9,2.5,2.1,0.5,0.2,0.9,1.4,9.3,,mykhasv01
206,Neemias Queta,26,BOS,C,17,17,23.6,4.2,6.6,0.628,0,0.2,0,4.2,6.5,0.645,0.628,0.9,1.6,0.593,3.1,4.9,7.9,1.7,0.6,1.4,0.8,3.3,9.3,,quetane01
207,Landry Shamet,28,NYK,SG,15,6,20.9,2.8,6.2,0.452,1.9,4.4,0.424,0.9,1.8,0.519,0.602,1.8,2.3,0.794,0.5,1.5,2,1.2,0.4,0.2,0.5,1.3,9.3,,shamela01
208,Marcus Smart,31,LAL,SG,14,9,26.8,3,7.4,0.408,1.1,4.5,0.254,1.9,2.9,0.65,0.485,2.1,2.3,0.938,0.6,1.6,2.3,2.9,1.8,0.3,1.9,2.9,9.3,,smartma01
209,Bogdan Bogdanović,33,LAC,SG,9,2,25.7,3.1,8.3,0.373,1.8,5.2,0.34,1.3,3.1,0.429,0.48,1.2,1.4,0.846,0.3,3.1,3.4,3.3,0.8,0.1,1.4,2.6,9.2,,bogdabo01
210,Ziaire Williams,24,BRK,SF,14,0,23.1,2.9,7.5,0.381,1.6,5.4,0.303,1.2,2.1,0.586,0.49,1.9,2.1,0.867,0.7,1.9,2.6,0.6,0.8,0.5,0.9,2.4,9.2,,willizi02
211,Isaiah Collier,21,UTA,PG,9,1,23.2,3,5.7,0.529,0.3,0.9,0.375,2.7,4.8,0.558,0.559,2.7,3.6,0.75,0.2,2.6,2.8,5.7,0.6,0.3,2.8,2.6,9,,colliis01
212,Corey Kispert,26,WAS,SF,17,2,19.9,3.1,6.1,0.505,1.6,3.9,0.403,1.5,2.1,0.694,0.636,1.2,1.7,0.724,0.4,2.1,2.5,1.7,0.5,0.2,0.6,1.1,8.9,,kispeco01
213,Trendon Watford,25,PHI,PF,14,4,20.4,3.4,6.3,0.534,0.5,1.3,0.389,2.9,5,0.571,0.574,1.7,2.1,0.8,1.1,3.6,4.7,3.6,0.4,0.2,1.5,2.7,8.9,,watfotr01
214,Nikola Jović,22,MIA,PF,14,1,21.4,2.9,7.3,0.402,1.1,3.6,0.294,1.9,3.6,0.51,0.475,1.9,2.5,0.743,0.7,3.6,4.4,3.1,0.6,0.4,1.8,2.6,8.8,,jovicni01
215,Brice Sensabaugh,22,UTA,SF,16,0,15.1,3.1,7.3,0.422,1.6,4.8,0.338,1.4,2.4,0.59,0.534,1,1.1,0.941,0.5,2,2.5,1.1,0.6,0.1,0.9,1.8,8.8,,sensabr01
216,Will Richard,23,GSW,SG,18,8,18.3,3.1,5.7,0.549,1.3,3.3,0.39,1.8,2.4,0.767,0.662,1.2,1.6,0.759,1.2,1.5,2.7,1.2,1.1,0.1,0.7,2.2,8.7,,richawi02
217,Cason Wallace,22,OKC,SG,18,18,28.7,3.3,7.6,0.431,1.6,4.3,0.364,1.7,3.3,0.517,0.533,0.6,0.6,0.909,0.8,2.1,2.8,2.4,2.3,0.3,1.2,2.5,8.7,,wallaca01
218,Jose Alvarado,27,NOP,PG,18,0,20.7,3.1,7.1,0.438,1.7,4.6,0.378,1.4,2.6,0.543,0.559,0.6,0.7,0.846,0.5,2.5,3,2.8,1,0,1.2,1.7,8.6,,alvarjo01
219,Terance Mann,29,BRK,SG,17,17,26.5,3.2,7.1,0.45,1.1,2.8,0.375,2.1,4.2,0.5,0.525,1.2,1.5,0.808,1.6,1.8,3.4,3.6,0.7,0.2,0.9,2.9,8.6,,mannte01
220,Tolu Smith,25,DET,PF,2,0,11,3,4,0.75,0,0,,3,4,0.75,0.75,2.5,3.5,0.714,2,3.5,5.5,1,0.5,0.5,0.5,1,8.5,,smithto05
221,Ryan Dunn,23,PHO,SF,16,11,24.1,3.4,7.1,0.478,1,2.9,0.34,2.4,4.1,0.576,0.549,0.6,0.9,0.667,1.9,2.9,4.8,1.9,1.4,0.7,1,2.6,8.4,,dunnry01
222,Kyle Filipowski,22,UTA,C,16,5,20,2.9,6.7,0.439,0.9,2.6,0.341,2.1,4.1,0.5,0.505,1.6,2.4,0.667,1.6,4.1,5.8,2.2,0.4,0.6,1.3,2.7,8.4,,filipky01
223,Draymond Green,35,GSW,PF,17,17,29,3.1,7.6,0.403,1.6,4.4,0.36,1.5,3.2,0.463,0.508,0.6,1.1,0.579,0.9,5.1,5.9,5.9,0.8,0.9,3.2,3.7,8.4,,greendr01
224,Tyrese Martin,26,BRK,SG,17,2,21.4,3,7.7,0.389,1.5,4.5,0.329,1.5,3.2,0.473,0.485,0.9,1.3,0.727,1.1,2.2,3.3,2.7,0.7,0.2,1.1,0.9,8.4,,martity01
225,Jonas Valančiūnas,33,DEN,C,17,0,12.5,3.2,5.9,0.55,0.1,0.5,0.222,3.1,5.4,0.582,0.56,1.8,2.3,0.769,1.4,3.1,4.5,1,0.1,0.6,1,1.8,8.4,,valanjo01
226,Cole Anthony,25,MIL,PG,18,0,18.8,3.6,8.6,0.413,0.7,2.6,0.255,2.9,6,0.481,0.452,0.6,0.9,0.588,0.6,2.7,3.3,4.8,0.7,0.4,2.4,2.4,8.3,,anthoco01
227,Andre Drummond,32,PHI,C,16,8,24.2,3.3,6.1,0.541,0.6,1.4,0.409,2.8,4.8,0.579,0.587,1.1,1.8,0.607,3.4,7.3,10.7,0.7,0.8,1,0.9,2.4,8.3,,drumman01
228,Bradley Beal,32,LAC,SG,6,6,20.2,3,8,0.375,1.2,3.2,0.368,1.8,4.8,0.379,0.448,1,1.3,0.75,0.3,0.5,0.8,1.7,0.5,0,1.5,2.3,8.2,,bealbr01
229,Isaac Okoro,25,CHI,SG,15,15,24.9,3,6.5,0.459,1.2,3.1,0.383,1.8,3.4,0.529,0.551,1,1.3,0.75,1.1,1.5,2.7,1.6,0.4,0.7,1,3.1,8.2,,okorois01
230,Luke Kennard,29,ATL,SG,16,0,21.7,2.8,5.9,0.479,1.5,3.4,0.436,1.3,2.4,0.538,0.606,1,1.1,0.941,0.6,1.4,1.9,2.3,0.9,0.1,1.1,1.4,8.1,,kennalu01
231,Aaron Holiday,29,HOU,PG,11,0,13.5,2.5,5.5,0.443,1.5,3.6,0.425,0.9,1.9,0.476,0.582,1.5,1.7,0.895,0.2,0.5,0.7,1.1,0.4,0.1,0.8,1.2,8,,holidaa01
232,Luke Kornet,30,SAS,C,10,5,24.1,3.3,4.7,0.702,0,0,,3.3,4.7,0.702,0.702,1.4,2,0.7,2.7,3.4,6.1,2.1,0.1,1.2,0.7,2,8,,kornelu01
233,Luguentz Dort,26,OKC,SF,13,13,29.2,2.7,7.4,0.365,1.6,5.2,0.309,1.1,2.2,0.5,0.474,0.9,1,0.923,1.4,2.5,3.8,1.2,0.8,0.3,0.7,3,7.9,,dortlu01
234,Isaiah Jackson,24,IND,C,18,14,19.2,3,5.2,0.574,0,0,,3,5.2,0.574,0.574,1.9,2.5,0.778,2.4,3.3,5.7,1.1,0.7,0.7,1.2,3.2,7.9,,jacksis01
235,Caleb Love,24,POR,SG,11,0,17.9,2.9,9.2,0.317,1.5,5.6,0.258,1.5,3.5,0.41,0.396,0.6,0.9,0.7,0.7,2.5,3.2,2.3,0.4,0,0.9,1.3,7.9,,loveca01
236,Vince Williams Jr.,25,MEM,SG,14,6,22.1,2.6,7.2,0.366,1.2,4.2,0.288,1.4,3,0.476,0.45,1.4,1.7,0.833,1.1,3.9,5.1,5.6,1,0.4,2.3,2,7.9,,willivi01
237,Jordan Goodwin,27,PHO,PG,16,2,19.9,3.1,7.1,0.442,1.2,3.3,0.358,1.9,3.8,0.517,0.527,0.4,0.5,0.75,2,2.6,4.6,2,1.5,0.2,1.3,1.8,7.8,,goodwjo01
238,Josh Minott,23,BOS,PF,17,9,19.3,2.8,5.5,0.511,1.2,2.8,0.417,1.6,2.7,0.609,0.617,0.9,1.2,0.8,1.8,3.3,5.1,1.4,0.9,0.4,0.6,1.9,7.8,,minotjo01
239,Kris Dunn,31,LAC,PG,18,12,25.9,3,6,0.5,0.9,2.3,0.39,2.1,3.7,0.567,0.574,0.8,1.1,0.75,0.8,1.6,2.4,2.7,1.4,0.2,1.3,2.4,7.7,,dunnkr01
240,Ron Holland,20,DET,SF,18,5,22.2,2.9,7.4,0.396,0.8,2.9,0.264,2.2,4.5,0.481,0.448,1.1,1.3,0.792,0.8,2.7,3.6,1.8,1.8,0.3,1.6,2.7,7.7,,hollaro01
241,Patrick Williams,24,CHI,PF,16,1,21.4,2.6,6.4,0.408,1.5,3.9,0.387,1.1,2.6,0.439,0.524,0.9,1.4,0.652,0.6,2.3,2.9,1.6,1,0.4,1.1,1.9,7.7,,willipa01
242,Kyle Anderson,32,UTA,SF,5,0,18.6,3.2,5.8,0.552,0,0,,3.2,5.8,0.552,0.552,1.2,1.8,0.667,1,2.2,3.2,4,0.8,0.2,1,2.4,7.6,,anderky01
243,Marvin Bagley III,26,WAS,PF,14,1,15.8,3.1,4.9,0.638,0.2,0.4,0.5,2.9,4.5,0.651,0.659,1.1,1.6,0.696,1.9,2.5,4.4,1.4,0.6,0.6,1,2.1,7.6,,baglema01
244,Egor Dёmin,19,BRK,PG,16,9,22.2,2.7,7.3,0.371,1.8,5.1,0.346,0.9,2.2,0.429,0.491,0.5,0.6,0.8,0.6,2.8,3.4,3.4,0.8,0.2,1.6,1.8,7.6,,demineg01
245,Jusuf Nurkić,31,UTA,C,17,12,24.7,2.9,6.9,0.424,0.3,1.6,0.185,2.6,5.4,0.495,0.445,1.4,2.4,0.575,2.4,7.2,9.6,3.5,1.6,0.4,2.8,2.9,7.5,,nurkiju01
246,Precious Achiuwa,26,SAC,C,12,6,20.8,3.2,5.4,0.585,0.2,1.1,0.154,3,4.3,0.692,0.6,0.9,1.7,0.55,1.7,3.3,5,1.1,0.8,0.3,0.6,1.8,7.4,,achiupr01
247,Dominick Barlow,22,PHI,PF,8,5,24.6,2.9,5.5,0.523,0.6,1.9,0.333,2.3,3.6,0.621,0.58,1,1.3,0.8,2.1,2.8,4.9,2,0.4,1.1,1.5,2,7.4,,barlodo01
248,Jevon Carter,30,CHI,PG,8,0,14.3,2.3,5.4,0.419,2,4.5,0.444,0.3,0.9,0.286,0.605,0.8,0.8,1,0.3,1.3,1.5,1.1,0.8,0,0.5,1.1,7.3,,carteje01
249,Javonte Green,32,DET,SG,18,3,21.3,2.4,5.7,0.417,0.9,2.8,0.314,1.5,2.9,0.519,0.495,1.6,2.1,0.763,0.8,2.5,3.3,1,0.9,0.4,0.8,1.6,7.3,,greenja02
250,Buddy Hield,33,GSW,SG,20,0,17.6,2.7,6.4,0.414,1.3,4.2,0.31,1.4,2.2,0.614,0.516,0.6,0.7,0.923,0.5,1.5,2,1.6,0.9,0,1.2,1.3,7.2,,hieldbu01
251,Kentavious Caldwell-Pope,32,MEM,SG,19,13,22.6,2.4,6.7,0.354,0.9,3.3,0.286,1.4,3.4,0.422,0.425,1.4,1.6,0.9,0.4,1.9,2.3,3.1,0.7,0.2,1,1.2,7.1,,caldwke01
252,Collin Murray-Boyles,20,TOR,PF,14,4,18.3,2.6,5.1,0.5,0.6,1.4,0.45,1.9,3.7,0.519,0.563,1.3,1.8,0.72,1.4,1.6,3,1.1,0.6,0.4,0.9,2.1,7.1,,murraco01
253,Josh Okogie,27,HOU,SG,16,12,21.5,2.4,5.4,0.437,1.2,2.9,0.404,1.2,2.5,0.475,0.546,1.2,1.7,0.704,1.3,1.2,2.4,1.1,1.4,0.1,0.6,1.9,7.1,,okogijo01
254,Nae'Qwan Tomlin,25,CLE,PF,10,1,16.1,2.8,5.4,0.519,0.3,2,0.15,2.5,3.4,0.735,0.546,1.2,1.6,0.75,1.5,1.3,2.8,0.5,0.8,0.7,0.3,2.3,7.1,,tomlina01
255,Chris Livingston,22,CLE,SF,1,0,14,3,5,0.6,0,2,0,3,3,1,0.6,1,1,1,0,3,3,1,1,0,0,2,7,,livinch01
256,Kobe Sanders,23,LAC,SG,10,3,20,2.2,5.5,0.4,1.1,3.2,0.344,1.1,2.3,0.478,0.5,1.5,1.6,0.938,0.5,1,1.5,1.2,0.6,0.2,1.4,2.5,7,,sandeko01
257,Nick Smith Jr.,21,LAL,SG,6,0,15,2.7,6.2,0.432,1.3,3,0.444,1.3,3.2,0.421,0.541,0.3,0.5,0.667,0,1,1,2.2,0.5,0.2,1.7,0.7,7,,smithni01
258,Drake Powell,20,BRK,SG,11,0,18.9,2.5,5,0.509,0.7,1.9,0.381,1.8,3.1,0.588,0.582,1.1,1.2,0.923,0.4,1.6,2,2,0.9,0.1,1.2,2,6.9,,poweldr01
259,Gradey Dick,22,TOR,SG,19,0,16.1,2.2,5.4,0.402,1,3.2,0.317,1.2,2.2,0.524,0.495,1.5,1.8,0.853,0.4,1.6,1.9,0.7,0.7,0.1,0.4,0.9,6.8,,dickgr01
260,Justin Edwards,22,PHI,SF,15,5,17.5,2.5,5.6,0.44,1.3,3.5,0.365,1.2,2.1,0.563,0.554,0.6,0.6,1,0.8,1.3,2.1,1.5,0.6,0.3,1,2,6.8,,edwarju01
261,Jay Huff,27,IND,C,18,2,16.7,2.3,6,0.389,1.2,4.1,0.288,1.2,1.9,0.6,0.486,0.9,1.3,0.708,0.9,2.3,3.3,0.9,0.2,2.1,0.7,2.4,6.8,,huffja01
262,Luka Garza,27,BOS,C,16,1,14.6,2.4,4.3,0.559,0.6,1.5,0.417,1.8,2.8,0.636,0.632,1.3,1.8,0.75,2.3,1.7,4,0.8,0.3,0.4,0.4,2.9,6.7,,garzalu01
263,Sion James,23,CHO,SG,18,11,26.5,2.2,5.2,0.419,1.2,3.1,0.393,0.9,2.1,0.459,0.538,1.2,1.4,0.84,0.4,2.7,3.1,1.6,0.8,0.3,0.9,1.6,6.7,,jamessi01
264,Day'Ron Sharpe,24,BRK,C,16,0,16.1,2.5,3.9,0.635,0.2,0.8,0.231,2.3,3.1,0.74,0.659,1.5,2.4,0.615,2.2,3.3,5.5,1.8,0.9,0.4,1.9,2.4,6.7,,sharpda01
265,Bruce Brown,29,DEN,SG,17,0,23.3,2.5,5.9,0.42,0.6,1.8,0.333,1.9,4.1,0.457,0.47,1.1,1.4,0.826,1,2.9,3.9,1.6,0.9,0.2,0.9,2.4,6.6,,brownbr01
266,Sam Hauser,28,BOS,PF,18,2,21.2,2.2,6.6,0.339,1.9,5.7,0.34,0.3,0.8,0.333,0.487,0.2,0.2,0.75,0.7,2.5,3.2,1.3,0.5,0.2,0.6,1.2,6.6,,hausesa01
267,Dalton Knecht,24,LAL,SF,15,1,16.7,2.6,5.6,0.464,1,3.1,0.326,1.6,2.5,0.632,0.554,0.4,0.6,0.667,0.5,1.5,2.1,0.5,0.5,0.4,0.5,1.3,6.6,,knechda01
268,Quinten Post,25,GSW,PF,20,8,16,2.5,5.5,0.445,1.2,3.8,0.32,1.3,1.8,0.714,0.555,0.5,0.7,0.769,0.9,3.1,4,1.2,0.7,0.6,0.8,1.4,6.6,,postqu01
269,Bub Carrington,20,WAS,PG,17,5,25.2,2.3,6.4,0.361,1.4,2.9,0.46,0.9,3.4,0.276,0.468,0.6,0.8,0.714,0.3,3.1,3.4,4.2,0.5,0.1,2.3,2.7,6.5,,carrica01
270,Paul Reed,26,DET,C,14,2,12,2.8,4.1,0.684,0.3,0.6,0.5,2.5,3.5,0.714,0.719,0.6,1,0.643,1.8,2.4,4.1,1.1,1,0.8,1,1.7,6.5,,reedpa01
271,Jeremy Sochan,22,SAS,PF,11,0,16.5,2.5,5,0.491,0.6,1.9,0.333,1.8,3.1,0.588,0.555,0.9,1.2,0.769,0.8,2.6,3.5,1.7,0.4,0.3,1.1,2.6,6.5,,sochaje01
272,Goga Bitadze,26,ORL,C,18,0,16.9,2.4,3.4,0.71,0.1,0.4,0.286,2.3,3.1,0.764,0.726,1.4,1.8,0.758,1.7,3.6,5.3,1.5,0.7,1.2,0.6,2.1,6.4,,bitadgo01
273,Brook Lopez,37,LAC,C,17,0,14.4,2.2,5.5,0.404,1.4,3.8,0.359,0.9,1.8,0.5,0.527,0.5,0.6,0.727,0.2,1.7,1.9,0.5,0.3,0.8,0.8,1.7,6.3,,lopezbr01
274,Mac McClung,27,IND,SG,3,0,11.3,2.3,6,0.389,0.7,3.3,0.2,1.7,2.7,0.625,0.444,1,1.3,0.75,0,1.3,1.3,0.3,1.7,0.3,0.7,2,6.3,,mccluma01
275,Ben Sheppard,24,IND,SG,18,8,25.7,2.3,7.2,0.323,0.9,4.2,0.213,1.4,3.1,0.473,0.385,0.8,0.9,0.824,0.9,3.4,4.3,1.8,0.6,0.2,0.5,2.1,6.3,,sheppbe01
276,Keon Ellis,26,SAC,SG,18,2,17.6,2.2,4.9,0.438,1.5,3.5,0.429,0.7,1.4,0.462,0.59,0.4,0.6,0.7,0.3,1.2,1.5,0.6,1.3,0.4,0.5,1.9,6.2,,elliske01
277,Drew Eubanks,28,SAC,C,19,8,15.9,2.6,4.2,0.625,0.1,0.1,0.5,2.6,4.1,0.628,0.631,0.9,1.7,0.515,0.8,2.4,3.2,0.4,0.6,0.8,1,1.5,6.2,,eubandr01
278,Dru Smith,28,MIA,SG,19,0,17.2,2.3,5.2,0.439,0.8,2.3,0.372,1.4,2.9,0.491,0.52,0.8,1.1,0.762,0.9,1.6,2.6,2.9,1.6,0.2,1.1,1.5,6.2,,smithdr01
279,Lonzo Ball,28,CLE,PG,15,3,24,2,6.5,0.306,1.5,5.4,0.284,0.5,1.1,0.412,0.423,0.5,0.8,0.667,0.9,3.4,4.3,5.2,1.1,0.3,2,2,6.1,,balllo01
280,Yves Missi,21,NOP,C,14,5,20.1,2.6,4.6,0.569,0,0,,2.6,4.6,0.569,0.569,0.9,1.6,0.545,3.3,2.1,5.4,1.4,0.2,1.3,1,1.9,6.1,,missiyv01
281,Taurean Prince,31,MIL,SF,8,0,21.1,2.1,4.8,0.447,1.5,3.5,0.429,0.6,1.3,0.5,0.605,0.4,0.4,1,0,1.6,1.6,1,0.8,0.3,0.6,2.5,6.1,,princta02
282,Jamal Shead,23,TOR,PG,19,0,18.6,1.8,4.4,0.417,1,2.5,0.404,0.8,1.9,0.432,0.53,1.4,1.8,0.794,0.3,1.3,1.6,5.5,0.8,0.1,1.2,1.9,6.1,,sheadja01
283,Steven Adams,32,HOU,C,14,4,21.9,2.2,4.4,0.508,0,0,,2.2,4.4,0.508,0.508,1.6,2.1,0.733,5,4.2,9.2,1.5,0.6,0.6,1.1,2.1,6,,adamsst01
284,Jaden Hardy,23,DAL,SG,16,0,11.1,1.9,4.9,0.385,1.3,3.1,0.4,0.6,1.8,0.357,0.513,1,1.3,0.8,0.3,1.1,1.3,0.4,0.3,0.1,0.9,1.3,6,,hardyja02
285,Jett Howard,22,ORL,SF,14,0,11,2.2,4.9,0.456,1.2,3.1,0.386,1,1.7,0.583,0.581,0.4,0.4,1,0.3,0.9,1.1,0.8,0.1,0.2,0.1,0.8,6,,howarje01
286,Jahmai Mashack,23,MEM,SG,1,0,6,2,4,0.5,2,4,0.5,0,0,,0.75,0,0,,0,2,2,0,0,0,0,0,6,,mashaja01
287,Doug McDermott,34,SAC,SF,1,0,8,2,3,0.667,2,3,0.667,0,0,,1,0,0,,0,0,0,0,0,0,1,1,6,,mcderdo01
288,Blake Wesley,22,POR,SG,6,0,16.3,2.3,5.7,0.412,0.3,1.7,0.2,2,4,0.5,0.441,1,1.7,0.6,0.3,2,2.3,3.2,1.7,0.2,1.2,2.3,6,,weslebl01
289,Mouhamed Gueye,23,ATL,PF,19,2,16.7,2.5,5.1,0.485,0.6,2.3,0.273,1.8,2.8,0.66,0.546,0.3,0.6,0.5,1.5,2.5,4,1.2,0.4,0.6,0.7,1.8,5.9,,gueyemo02
290,Alex Caruso,31,OKC,SG,14,0,18.4,2,5.1,0.389,1.2,3.4,0.354,0.8,1.7,0.458,0.507,0.6,0.7,0.8,0.3,1.8,2.1,2.5,1.6,0.3,0.8,0.9,5.8,,carusal01
291,Mike Conley,38,MIN,PG,18,5,20.1,1.7,4.3,0.39,1.2,2.9,0.415,0.4,1.3,0.333,0.532,1.2,1.3,0.917,0.3,1.5,1.8,3.5,0.7,0.2,0.8,1.8,5.8,,conlemi01
292,Al Horford,39,GSW,C,12,0,21.8,2,5.8,0.343,1.3,4.2,0.32,0.7,1.7,0.4,0.457,0.5,0.5,1,0.9,3.3,4.3,1.8,1,1,1.3,1.6,5.8,,horfoal01
293,Craig Porter Jr.,25,CLE,PG,17,0,17.4,2.4,4.4,0.533,0.8,1.7,0.448,1.6,2.7,0.587,0.62,0.4,0.7,0.5,1.2,1.7,2.9,2.5,1,0.6,0.8,1,5.8,,portecr01
294,Jamaree Bouyea,26,PHO,PG,3,0,8.3,2,3.3,0.6,1.7,2.3,0.714,0.3,1,0.333,0.85,0,0,,0,0.3,0.3,0.3,0,0.3,0,0.3,5.7,,bouyeja01
295,Kris Murray,25,POR,SF,18,1,24.1,2.2,5.1,0.44,0.5,1.9,0.265,1.7,3.2,0.544,0.489,0.6,0.9,0.688,1.8,2.1,3.8,1.1,1.1,0.2,0.8,1.8,5.6,,murrakr01
296,Jaylin Williams,23,OKC,PF,18,1,18.1,1.8,5.1,0.352,1.3,4.3,0.312,0.4,0.8,0.571,0.484,0.7,0.9,0.765,0.5,4,4.5,2.5,0.6,0.4,1,1.8,5.6,,willija07
297,Jaxson Hayes,25,LAL,C,14,2,17.7,2.3,3.1,0.727,0.1,0.1,1,2.2,3.1,0.721,0.739,0.9,1.2,0.706,1.2,2.9,4.1,1.2,0.4,0.4,0.6,1.6,5.5,,hayesja02
298,Walter Clayton,22,UTA,PG,13,0,15.9,1.8,4.7,0.377,0.8,2.6,0.294,1,2.1,0.481,0.459,1.1,1.1,1,0.5,1.6,2.1,3.2,0.5,0.3,1.4,1.8,5.4,,claytwa01
299,Jared McCain,21,PHI,SG,8,0,14.1,2,6,0.333,1,2.8,0.364,1,3.3,0.308,0.417,0.4,0.5,0.75,0.1,0.9,1,1.1,0.3,0,0.5,1.5,5.4,,mccaija01
300,Jalen Wilson,25,BRK,PF,14,0,15.3,1.7,4.6,0.375,1.2,3.1,0.386,0.5,1.4,0.35,0.508,0.8,1,0.786,0.1,0.9,1,0.6,0.1,0,0.7,1.3,5.4,,wilsoja03
301,RayJ Dennis,24,IND,PG,12,0,13.5,1.8,5.8,0.314,1,3.1,0.324,0.8,2.8,0.303,0.4,0.7,0.8,0.889,0.7,0.9,1.6,2.1,0.3,0.3,1.2,1.3,5.3,,dennira01
302,Jeremiah Robinson-Earl,25,IND,PF,13,3,18.7,2,5,0.4,0.5,1.7,0.318,1.5,3.3,0.442,0.454,0.8,0.8,0.909,2.1,3.2,5.2,0.6,0.5,0,0.6,1.3,5.3,,robinje02
303,Dean Wade,29,CLE,PF,17,2,22.4,1.8,4.9,0.373,1.1,3.6,0.295,0.8,1.3,0.591,0.482,0.6,0.9,0.625,0.9,3.1,3.9,1.6,0.8,0.6,0.4,1.9,5.3,,wadede01
304,Robert Williams,28,POR,C,12,0,13.7,2.5,3.8,0.667,0.1,0.5,0.167,2.4,3.3,0.744,0.678,0.2,0.4,0.4,1.8,2.7,4.5,0.8,0.7,1.3,0.3,0.8,5.3,,williro04
305,Jordan Hawkins,23,NOP,SG,17,0,15.2,1.9,5.8,0.337,0.9,3.2,0.296,1,2.6,0.386,0.418,0.3,0.4,0.714,0.4,1.5,1.8,1,0.2,0.1,0.4,0.6,5.1,,hawkijo01
306,Tyrese Proctor,21,CLE,PG,16,0,11.9,1.6,5,0.325,0.9,3.2,0.275,0.8,1.8,0.414,0.413,0.9,1.1,0.882,0.1,1.1,1.3,1.3,0.3,0,0.4,1.3,5.1,,proctty01
307,Jordan Walsh,21,BOS,PF,14,6,18.6,2,4.1,0.491,0.6,1.6,0.409,1.4,2.5,0.543,0.57,0.4,0.6,0.75,1.2,3.1,4.3,1.1,0.9,0.5,0.4,2.4,5.1,,walshjo01
308,Kevin Love,37,UTA,PF,10,0,13.9,1.5,3.8,0.395,1,3,0.333,0.5,0.8,0.625,0.526,1,1.2,0.833,1,3.4,4.4,2,0.1,0.4,1,1.7,5,,loveke01
309,Terrence Shannon Jr.,25,MIN,SG,9,0,15.6,1.8,4,0.444,0.8,1.7,0.467,1,2.3,0.429,0.542,0.7,1,0.667,0.3,1.9,2.2,1,0.4,0,0.7,1.9,5,,shannte01
310,Matisse Thybulle,28,POR,SG,4,0,12.3,1.5,2.5,0.6,1,1.5,0.667,0.5,1,0.5,0.8,1,1,1,0,1,1,0.8,2.5,0,0.3,1.8,5,,thybuma01
311,Ja'Kobe Walter,21,TOR,SG,16,1,14.8,1.8,3.9,0.444,1.1,2.6,0.429,0.6,1.3,0.476,0.587,0.4,0.4,0.857,0.8,0.8,1.6,0.7,1.1,0.1,0.7,1.7,5,,walteja01
312,Tony Bradley,28,IND,C,17,3,12.9,2,3.5,0.576,0,0.1,0,2,3.4,0.586,0.576,0.9,1.2,0.714,1.8,1.1,2.9,0.7,0.1,0.2,0.4,2.4,4.9,,bradlto01
313,Cam Christie,20,LAC,SG,13,0,10.9,1.4,3.6,0.383,0.6,1.8,0.348,0.8,1.8,0.417,0.468,1.5,2.1,0.741,0.4,1.6,2,0.7,0.3,0.2,0.4,0.6,4.9,,chrisca02
314,Karlo Matković,24,NOP,PF,12,0,11.4,2.2,3.1,0.703,0.3,0.8,0.444,1.8,2.3,0.786,0.757,0.3,0.7,0.375,0.7,2.1,2.8,0.8,0.2,0.5,0.4,1.2,4.9,,matkoka01
315,Bryce McGowens,23,NOP,SG,9,0,10.4,1.4,2.8,0.52,0.4,0.9,0.5,1,1.9,0.529,0.6,1.6,2.1,0.737,0.2,0.8,1,0.8,0.3,0.2,0.3,0.9,4.9,,mcgowbr01
316,KJ Simpson,23,CHO,PG,8,0,13.1,1.9,5.4,0.349,0.8,2,0.375,1.1,3.4,0.333,0.419,0.4,0.5,0.75,0.4,1.6,2,2.5,0.6,0,1.4,1,4.9,,simpskj01
317,Keaton Wallace,26,ATL,PG,17,2,15.5,1.8,4.1,0.443,1.1,2.6,0.432,0.7,1.5,0.462,0.579,0.2,0.5,0.375,0.1,1.6,1.6,2.8,0.8,0.2,0.9,1.5,4.9,,wallake01
318,Pat Spencer,29,GSW,PG,12,0,12.6,1.7,4.7,0.357,0.5,1.5,0.333,1.2,3.2,0.368,0.411,1,1.2,0.857,0.8,1.2,1.9,2.6,0.7,0.1,0.7,1.1,4.8,,spencpa01
319,Maxime Raynaud,22,SAC,C,11,0,13.2,1.9,4.3,0.447,0.1,0.5,0.167,1.8,3.7,0.488,0.457,0.8,1,0.818,0.8,2.5,3.3,0.5,0.4,0.3,0.5,1.6,4.7,,raynama01
320,Nicolas Batum,37,LAC,PF,18,2,18.1,1.5,3.9,0.386,1.4,3.6,0.385,0.1,0.3,0.4,0.564,0.2,0.2,1,0.4,2.3,2.8,0.7,0.9,0.4,0.6,1.8,4.6,,batumni01
321,Oso Ighodaro,23,PHO,PF,19,4,15.9,2.1,3.7,0.557,0,0.1,0,2.1,3.6,0.565,0.557,0.5,1,0.474,0.7,2.5,3.2,1.5,0.6,0.6,1.2,2.4,4.6,,ighodos01
322,Jarred Vanderbilt,26,LAL,PF,14,2,18.4,1.6,3.6,0.44,0.3,1,0.286,1.3,2.6,0.5,0.48,1.1,1.4,0.842,1.4,4.2,5.6,1.5,1,0.4,1.6,1.9,4.6,,vandeja01
323,Rob Dillingham,21,MIN,PG,16,0,10.9,1.8,4.9,0.367,0.3,1.1,0.294,1.5,3.9,0.387,0.399,0.6,0.8,0.692,0.2,1,1.2,2,0.9,0,1.1,1.1,4.5,,dilliro01
324,Eric Gordon,37,PHI,SG,4,0,11,1.8,2.3,0.778,1,1.5,0.667,0.8,0.8,1,1,0,0,,0.3,0.3,0.5,0.8,0.8,0,0.8,0.5,4.5,,gordoer01
325,DeAndre Jordan,37,NOP,C,2,1,11.5,2,2.5,0.8,0,0,,2,2.5,0.8,0.8,0.5,1,0.5,2,3,5,0,0,0,0.5,0.5,4.5,,jordade01
326,Micah Peavy,24,NOP,SG,15,1,14.5,1.9,4.7,0.408,0.2,1.6,0.125,1.7,3.1,0.553,0.43,0.5,0.7,0.7,1.1,1.3,2.5,1.1,0.5,0.1,0.3,1.8,4.5,,peavymi01
327,Olivier-Maxence Prosper,23,MEM,PF,11,0,10.1,1.3,2.8,0.452,0.1,0.8,0.111,1.2,2,0.591,0.468,1.8,2,0.909,0.8,1.5,2.4,0.5,0.2,0.1,0.5,0.5,4.5,,prospol01
328,Antonio Reeves,25,CHO,SG,2,0,10.5,1.5,3,0.5,1.5,2.5,0.6,0,0.5,0,0.75,0,0,,0.5,0.5,1,0,0,0,0,0.5,4.5,,reevean01
329,Trayce Jackson-Davis,25,GSW,C,12,1,12.3,1.7,3.2,0.526,0,0,,1.7,3.2,0.526,0.526,1.1,1.7,0.65,1.8,1.5,3.3,1,0.3,0.6,0.7,1.6,4.4,,jackstr02
330,Kelly Olynyk,34,SAS,C,8,0,11.9,1.4,3,0.458,0.4,1.4,0.273,1,1.6,0.615,0.521,1.3,1.6,0.769,1,1.9,2.9,2.3,0.4,0,1.1,1.8,4.4,,olynyke01
331,Sidy Cissoko,21,POR,SF,14,5,16.8,1.6,3.9,0.407,0.6,2.1,0.276,1,1.8,0.56,0.481,0.6,1,0.571,0.6,1.4,2,1.4,0.6,0,0.9,2,4.3,,cissosi01
332,Jaylen Clark,24,MIN,SG,16,0,15.3,1.5,3.6,0.414,0.6,1.6,0.346,0.9,2,0.469,0.491,0.7,1.3,0.55,1.3,1.2,2.5,0.6,0.9,0.1,0.4,2.1,4.3,,clarkja02
333,Pat Connaughton,33,CHO,SG,12,0,9.7,1.5,3.1,0.486,0.8,2,0.375,0.8,1.1,0.692,0.608,0.5,0.8,0.667,0.3,1.6,1.9,0.6,0.4,0.1,0.3,0.4,4.3,,connapa01
334,Dereck Lively II,21,DAL,C,7,4,16.4,1.6,2.6,0.611,0,0,,1.6,2.6,0.611,0.611,1.1,1.4,0.8,2,3.3,5.3,1.9,0.6,1.6,1.4,3,4.3,,livelde01
335,Pete Nance,25,MIL,PF,3,0,3.3,1.7,2,0.833,1,1.3,0.75,0.7,0.7,1,1.083,0,0,,0,0.7,0.7,0.3,0,0,0,0,4.3,,nancepe01
336,Javon Small,23,MEM,PG,8,0,12.4,1.3,3.5,0.357,0.8,2.4,0.316,0.5,1.1,0.444,0.464,1,1.3,0.8,0.1,0.9,1,2.8,0,0.1,1,0.9,4.3,,smallja01
337,Tristan Vukcevic,22,WAS,C,14,1,9.1,1.6,3.6,0.431,0.5,1.7,0.292,1.1,1.9,0.556,0.5,0.6,0.9,0.667,0.4,1.5,1.9,0.6,0.4,0.5,1,1.2,4.2,,vukcetr01
338,Liam McNeeley,20,CHO,SF,12,0,13.4,1.1,3.5,0.31,0.8,2.3,0.357,0.3,1.2,0.214,0.429,1.1,1.3,0.867,0.4,1.8,2.2,1,0.2,0.1,0.6,1.6,4.1,,mcneeli01
339,Nick Richards,28,PHO,C,19,2,10.3,1.5,2.9,0.527,0,0,,1.5,2.9,0.527,0.527,1,1.5,0.679,1.4,2.2,3.6,0.3,0.1,0.6,1,1.4,4.1,,richani01
340,Malaki Branham,22,WAS,SG,7,0,6.9,1.1,2.4,0.471,0.3,1.3,0.222,0.9,1.1,0.75,0.529,1.4,1.7,0.833,0.4,0.9,1.3,0.7,0.1,0,0.4,0.4,4,,branhma01
341,Koby Brea,23,PHO,SG,1,0,4,1,2,0.5,0,1,0,1,1,1,0.5,2,2,1,0,0,0,1,0,0,0,0,4,,breako01
342,Nique Clifford,23,SAC,SG,15,2,16.7,1.3,3.9,0.345,0.5,1.8,0.296,0.8,2.1,0.387,0.414,0.8,1.2,0.667,0.7,2,2.7,1.9,0.4,0.3,0.7,2.1,4,,cliffni01
343,Taylor Hendricks,22,UTA,PF,11,3,14.3,1.5,4,0.364,0.5,1.8,0.25,1,2.2,0.458,0.42,0.6,0.9,0.7,1.5,2.2,3.7,0.5,0.5,0.3,0.5,0.5,4,,hendrta01
344,Keshad Johnson,24,MIA,SF,8,0,11.4,1.4,4.1,0.333,0.5,1.9,0.267,0.9,2.3,0.389,0.394,0.8,0.9,0.857,1,1.9,2.9,0.1,0.4,0.5,0.4,1,4,,johnske10
345,Noah Penda,21,ORL,SF,10,0,9.4,1.4,2.7,0.519,0.5,0.7,0.714,0.9,2,0.45,0.611,0.7,0.9,0.778,1.6,1.5,3.1,1.2,0.1,0.3,0.4,0.9,4,,pendano01
346,James Wiseman,24,IND,C,1,1,20,2,3,0.667,0,0,,2,3,0.667,0.667,0,0,,4,0,4,0,0,1,3,2,4,,wisemja01
347,Bones Hyland,25,MIN,PG,13,0,9.1,1.5,3.2,0.488,0.6,1.9,0.32,0.9,1.2,0.75,0.585,0.2,0.3,0.75,0.2,1,1.2,1.4,0.5,0,0.6,1.1,3.9,,hylanbo01
348,Asa Newell,20,ATL,PF,12,0,8,1.3,2.8,0.471,0.7,1.5,0.444,0.7,1.3,0.5,0.588,0.6,0.8,0.778,0.8,0.8,1.6,0.3,0.4,0.3,0.3,1.2,3.9,,newelas01
349,Branden Carlson,26,OKC,C,13,0,8.4,1.5,3.2,0.488,0.5,1.5,0.3,1.1,1.6,0.667,0.561,0.2,0.4,0.6,0.5,1.3,1.8,0.6,0.2,0.6,0.2,0.9,3.8,,carlsbr01
350,David Jones García,24,SAS,SF,6,0,8.2,1.7,3.2,0.526,0.2,0.3,0.5,1.5,2.8,0.529,0.553,0.3,0.8,0.4,0.7,1.2,1.8,2.2,0.7,0.2,0.5,0.5,3.8,,jonesda06
351,Larry Nance Jr.,33,CLE,PF,15,2,15.3,1.5,4.3,0.359,0.7,2.1,0.313,0.9,2.1,0.406,0.438,0.1,0.2,0.333,0.7,2.1,2.8,1.3,0.6,0.3,0.6,2.4,3.8,,nancela02
352,Baylor Scheierman,25,BOS,SG,14,0,11.7,1.4,2.2,0.613,0.9,1.7,0.542,0.4,0.5,0.857,0.823,0.1,0.1,1,0.4,1.6,2.1,0.5,0.2,0.1,0.2,1.3,3.7,,scheiba01
353,Julian Strawther,23,DEN,SG,9,0,7.9,1.2,3.3,0.367,0.2,1.8,0.125,1,1.6,0.643,0.4,1,1.4,0.692,0,1.6,1.6,0.4,0,0.1,0.3,0.7,3.7,,strawju01
354,Jamison Battle,24,TOR,SF,14,0,6.9,1.3,1.9,0.667,0.8,1.2,0.647,0.5,0.7,0.7,0.87,0.2,0.2,1,0.1,1.1,1.1,0.1,0.1,0.1,0.4,0.6,3.6,,battlja01
355,Chaz Lanier,24,DET,SG,12,0,10.8,1.2,3.3,0.35,1,3,0.333,0.2,0.3,0.5,0.5,0.3,0.3,1,0.5,0.7,1.2,0.8,0.3,0,0.1,0.3,3.6,,laniech01
356,Mitchell Robinson,27,NYK,C,10,9,17.1,1.7,2.6,0.654,0,0,,1.7,2.6,0.654,0.654,0.2,0.9,0.222,4.4,3.5,7.9,0.9,0.7,1.1,0.7,2.6,3.6,,robinmi01
357,Charles Bassey,25,MEM,C,2,0,15.5,1.5,4,0.375,0,0,,1.5,4,0.375,0.375,0.5,1.5,0.333,3.5,4,7.5,1,0.5,0.5,0.5,2.5,3.5,,bassech01
358,Clint Capela,31,HOU,C,15,0,10.5,1.5,2.7,0.55,0,0,,1.5,2.7,0.55,0.55,0.5,0.7,0.8,2.5,2.3,4.7,0.4,0.5,0.5,0.3,0.9,3.5,,capelca01
359,Jordan McLaughlin,29,SAS,PG,8,0,9.3,1.3,3,0.417,0.6,1.9,0.333,0.6,1.1,0.556,0.521,0.4,0.4,1,0.4,0.4,0.8,1.3,0.9,0,0.3,0.9,3.5,,mclaujo01
360,Jabari Walker,23,PHI,PF,17,5,12.8,1.4,3.1,0.453,0.2,0.9,0.25,1.2,2.2,0.541,0.491,0.4,0.4,0.857,1.3,1.8,3.1,0.6,0.1,0.2,0.5,1.6,3.4,,walkeja01
361,Moussa Cisse,23,DAL,C,15,1,10.5,1.3,2.1,0.645,0,0,,1.3,2.1,0.645,0.645,0.6,1.7,0.36,1.5,2.1,3.6,0.2,0.3,1.2,0.9,1.9,3.3,,cissemo01
362,Duop Reath,29,POR,C,15,0,7.3,1.2,2.1,0.563,0.9,1.8,0.519,0.3,0.3,0.8,0.781,0,0,,0.1,0.5,0.7,0.3,0.1,0.1,0.1,0.7,3.3,,reathdu01
363,Ben Saraf,19,BRK,SG,7,5,13.9,1,3.9,0.259,0.4,1.9,0.231,0.6,2,0.286,0.315,0.9,1.1,0.75,0.4,1.4,1.9,2.4,0.3,0,1.3,1.9,3.3,,sarafbe01
364,Gabe Vincent,29,LAL,PG,6,3,21,1,3.2,0.316,0.8,2.7,0.313,0.2,0.5,0.333,0.447,0.5,0.5,1,0.2,0.5,0.7,1.3,0.7,0,0.7,2.2,3.3,,vincega01
365,Tyler Kolek,24,NYK,PG,13,0,8.9,1.2,2.7,0.457,0.4,1.3,0.294,0.8,1.4,0.611,0.529,0.2,0.5,0.5,0.2,0.5,0.7,1.7,0.2,0,0.5,0.9,3.1,,kolekty01
366,Gary Payton II,33,GSW,SG,19,1,11.1,1.4,3,0.456,0.3,1.1,0.25,1.1,1.9,0.568,0.5,0.1,0.1,1,0.8,2,2.8,1.5,0.6,0.3,0.5,1.4,3.1,,paytoga02
367,Tidjane Salaün,20,CHO,PF,7,0,11.9,1,2.7,0.368,0.6,1.7,0.333,0.4,1,0.429,0.474,0.6,0.9,0.667,0.7,2.9,3.6,0.7,0.3,0.1,0.4,1.1,3.1,,salauti01
368,Mark Sears,23,MIL,PG,7,0,3.7,0.9,1.9,0.462,0.6,1.1,0.5,0.3,0.7,0.4,0.615,0.9,1.1,0.75,0.1,0.1,0.3,0.3,0,0,0.6,0.6,3.1,,searsma01
369,Kobe Brown,26,LAC,PF,11,0,9.8,1.1,2.4,0.462,0.5,1.4,0.333,0.6,1,0.636,0.558,0.4,0.4,1,0.5,1.1,1.6,1,0,0,0.5,0.4,3,,brownko01
370,Justin Champagnie,24,WAS,SF,15,3,10.7,0.9,2.5,0.378,0.1,0.9,0.143,0.8,1.5,0.522,0.405,1,1.2,0.833,1.4,1.7,3.1,0.7,0.6,0.1,0.2,1.2,3,,champju01
371,Ousmane Dieng,22,OKC,C,14,0,11,1.1,3.1,0.372,0.4,1.5,0.286,0.7,1.6,0.455,0.442,0.3,0.3,1,0.3,1.4,1.7,0.8,0.1,0.4,0.4,0.9,3,,diengou01
372,Kyle Lowry,39,PHI,PG,1,0,3,1,1,1,1,1,1,0,0,,1.5,0,0,,0,0,0,1,1,0,0,0,3,,lowryky01
373,Riley Minix,25,SAS,SF,3,0,2.7,1.3,2,0.667,0.3,1,0.333,1,1,1,0.75,0,0,,0.3,0.3,0.7,0.3,0.3,0,0,0.3,3,,minixri01
374,Monte Morris,30,IND,PG,6,0,10.8,1.2,3.3,0.35,0.3,1.3,0.25,0.8,2,0.417,0.4,0.3,0.7,0.5,0.2,1,1.2,1.5,0.2,0.2,0.3,0.5,3,,morrimo01
375,Ryan Nembhard,22,DAL,PG,6,0,10.3,1.3,3.7,0.364,0,1,0,1.3,2.7,0.5,0.364,0.3,0.5,0.667,0.2,0.5,0.7,2.7,0,0,1,0.5,3,,nembhry01
376,Ochai Agbaji,25,TOR,SG,13,1,13.2,1.2,3.1,0.375,0.1,1.2,0.063,1.1,1.8,0.583,0.388,0.5,0.8,0.7,0.2,1.5,1.7,0.6,0.4,0.1,0.3,1.7,2.9,,agbajoc01
377,JD Davison,23,HOU,PG,7,0,7.4,1.1,1.7,0.667,0.6,1,0.571,0.6,0.7,0.8,0.833,0,0.3,0,0,0.1,0.1,1.1,0.4,0.1,0,0.4,2.9,,davisjd01
378,Jonathan Isaac,28,ORL,PF,17,0,10,1.1,2.4,0.439,0.3,1.4,0.217,0.8,1.1,0.722,0.5,0.5,0.7,0.667,0.8,2.4,3.2,0.1,0.4,0.5,0.4,0.7,2.9,,isaacjo01
379,Yang Hansen,20,POR,C,10,0,7.1,1,3.2,0.313,0.1,1.2,0.083,0.9,2,0.45,0.328,0.7,0.8,0.875,0.5,1.1,1.6,0.7,0,0.4,0.7,0.7,2.8,,yangha01
380,Bobi Klintman,22,DET,SF,6,0,8.8,1.2,3.5,0.333,0.5,1.8,0.273,0.7,1.7,0.4,0.405,0,0.5,0,0.8,1.8,2.7,0.7,0.3,0,0.8,1.5,2.8,,klintbo01
381,Yanic Konan Niederhauser,22,LAC,C,9,0,4.7,1.1,1.6,0.714,0,0,,1.1,1.6,0.714,0.714,0.6,0.9,0.625,0.8,0.6,1.3,0.3,0,0.2,0.2,0.4,2.8,,konanya01
382,Jase Richardson,20,ORL,SG,11,0,6.2,1,2.1,0.478,0.5,1,0.455,0.5,1.1,0.5,0.587,0.4,0.5,0.8,0.1,0.5,0.6,0.9,0.1,0,0.4,0.4,2.8,,richaja02
383,Johnny Furphy,21,IND,SG,3,0,12.3,1,2,0.5,0.7,1,0.667,0.3,1,0.333,0.667,0,0,,0.3,1.7,2,0,0.7,0,1,1.3,2.7,,furphjo01
384,Ron Harper Jr.,25,BOS,SF,3,0,5,1,2.3,0.429,0.7,2,0.333,0.3,0.3,1,0.571,0,0,,0.3,0.7,1,1,0,0.3,0,0.7,2.7,,harpero02
385,John Konchar,29,MEM,SG,17,0,12.5,1.1,2.2,0.474,0.4,1.4,0.304,0.6,0.9,0.733,0.566,0.1,0.2,0.5,0.6,2.2,2.8,1.2,0.8,0.3,0.4,0.8,2.6,,konchjo01
386,Chris Paul,40,LAC,PG,13,0,14.4,1,3.2,0.31,0.5,2,0.269,0.5,1.2,0.375,0.393,0.1,0.2,0.5,0.5,1.4,1.8,3.6,0.8,0,1.1,1.4,2.6,,paulch01
387,Jalen Pickett,26,DEN,SG,7,1,7.6,1,2.1,0.467,0.4,1,0.429,0.6,1.1,0.5,0.567,0.1,0.1,1,0.3,0.7,1,1,0,0,0.6,0.6,2.6,,pickeja02
388,Guerschon Yabusele,30,NYK,C,16,0,10.6,0.9,2.8,0.333,0.5,1.9,0.267,0.4,0.9,0.467,0.422,0.2,0.4,0.5,0.8,1.5,2.3,0.4,0.1,0.2,0.3,1.3,2.6,,yabusgu01
389,Hugo González,19,BOS,SF,14,1,11.2,1,2.4,0.424,0.4,0.8,0.455,0.6,1.6,0.409,0.5,0.1,0.4,0.4,0.6,1.2,1.8,0.7,0.8,0.1,0.4,1.8,2.5,,gonzahu01
390,GG Jackson II,21,MEM,PF,8,0,6.8,0.9,3.5,0.25,0,1.5,0,0.9,2,0.438,0.25,0.8,1.1,0.667,0.4,1.4,1.8,0.3,0.5,0.1,0.3,0.5,2.5,,jacksgg01
391,Isaiah Livers,27,PHO,PF,13,0,12.2,0.8,2.2,0.345,0.5,1.8,0.292,0.2,0.4,0.6,0.466,0.4,0.5,0.833,0.6,1.5,2.2,0.4,0.5,0.4,0.4,1.1,2.5,,liveris01
392,Gui Santos,23,GSW,PF,15,1,7.3,0.9,2.3,0.382,0.5,1.6,0.292,0.4,0.7,0.6,0.485,0.3,0.4,0.667,0.7,0.8,1.5,0.3,0.3,0.1,0.7,1.2,2.5,,santogu01
393,Xavier Tillman Sr.,27,BOS,C,8,0,8.1,1.1,2.3,0.5,0.3,1,0.25,0.9,1.3,0.7,0.556,0,0,,0.9,1.3,2.1,0.6,0.4,0.1,0.1,0.9,2.5,,tillmxa01
394,Jahmir Young,25,MIA,PG,4,0,4.3,1,2.5,0.4,0.5,1,0.5,0.5,1.5,0.333,0.5,0,0,,0,0.3,0.3,0.8,0,0,0.3,0.8,2.5,,youngja05
395,Elijah Harkless,25,UTA,SG,7,0,9.4,0.6,1.6,0.364,0.3,1,0.286,0.3,0.6,0.5,0.455,1,1.3,0.778,0.3,0.6,0.9,0.7,0.6,0,0.4,1.4,2.4,,harklej01
396,Gary Harris,31,MIL,SG,12,0,12,0.9,1.8,0.524,0.4,0.9,0.455,0.5,0.8,0.6,0.643,0.2,0.2,1,0.2,0.9,1.1,1.1,0.8,0.2,0.3,1,2.4,,harriga01
397,Caleb Houstan,23,ATL,SF,7,0,5.4,0.7,1.6,0.455,0.6,1.1,0.5,0.1,0.4,0.333,0.636,0.4,0.4,1,0.4,0.1,0.6,0.3,0.1,0.1,0.4,0.7,2.4,,houstca01
398,Kevon Looney,29,NOP,C,9,6,13.1,1,2.9,0.346,0.1,0.8,0.143,0.9,2.1,0.421,0.365,0.3,0.7,0.5,1.8,2.2,4,1.4,0.2,0.6,0.6,1.9,2.4,,looneke01
399,Zeke Nnaji,25,DEN,PF,8,1,7.8,0.8,1.6,0.462,0.4,1.1,0.333,0.4,0.5,0.75,0.577,0.5,0.6,0.8,0.1,1.4,1.5,0.3,0.3,0.3,0.5,1.4,2.4,,nnajize01
400,Lindy Waters III,28,SAS,SG,7,0,7.7,0.9,2.1,0.4,0.7,2,0.357,0.1,0.1,1,0.567,0,0,,0.1,1,1.1,0.4,0.1,0,0,0.9,2.4,,waterli01
401,Chris Boucher,33,BOS,PF,8,0,11.4,0.9,2.8,0.318,0.1,1.5,0.083,0.8,1.3,0.6,0.341,0.4,0.5,0.75,0.3,2,2.3,0.4,0.6,0.9,0.1,2,2.3,,bouchch01
402,Carter Bryant,20,SAS,PF,12,0,6.6,0.8,2.8,0.294,0.3,1.5,0.222,0.5,1.3,0.375,0.353,0.3,0.3,1,0.3,1.2,1.4,0,0.3,0.1,0.5,0.4,2.3,,bryanca01
403,Javonte Cooke,26,POR,SG,3,0,8,1,3.3,0.3,0.3,1.3,0.25,0.7,2,0.333,0.35,0,0,,0.3,0,0.3,1,0.3,0,1,0.3,2.3,,cookeja01
404,Julian Phillips,22,CHI,SF,16,0,8.3,0.9,2.2,0.429,0.3,1.1,0.278,0.6,1.1,0.588,0.5,0.1,0.1,1,0.7,0.6,1.3,0.3,0.4,0.3,0.1,0.9,2.3,,phillju01
405,Orlando Robinson,25,ORL,C,3,1,7.3,1,1.7,0.6,0.3,0.7,0.5,0.7,1,0.667,0.7,0,0,,0.7,0.3,1,0.7,0.3,0,0,1,2.3,,robinor01
406,Dalen Terry,23,CHI,SG,10,0,9,0.9,2,0.45,0.2,0.7,0.286,0.7,1.3,0.538,0.5,0.3,0.7,0.429,0.3,1,1.3,1.5,0.4,0.3,0.4,1.2,2.3,,terryda01
407,Luke Travers,24,CLE,SG,8,0,9.1,0.5,3.1,0.16,0.1,1.5,0.083,0.4,1.6,0.231,0.18,1.1,1.1,1,0.5,1.4,1.9,0.8,0.8,0.5,0.1,0.5,2.3,,travelu01
408,Cody Williams,21,UTA,SG,11,0,12.8,1,3.3,0.306,0.2,1.6,0.111,0.8,1.6,0.5,0.333,0.1,0.3,0.333,0.3,0.6,0.9,0.5,0.3,0.2,0.4,1.5,2.3,,willico04
409,Adem Bona,22,PHI,C,12,3,14.8,0.8,1.7,0.45,0,0.1,0,0.8,1.6,0.474,0.45,0.7,1.3,0.5,1.3,2.2,3.4,0.3,0.4,1.7,0.6,1.5,2.2,,bonaad01
410,Thomas Bryant,28,CLE,C,13,0,6.2,1,2.4,0.419,0.2,1.2,0.125,0.8,1.2,0.733,0.452,0,0.2,0,0.5,1.1,1.5,0.2,0.3,0.3,0.2,0.8,2.2,,bryanth01
411,Anthony Gill,33,WAS,PF,6,0,3,0.7,0.8,0.8,0.2,0.2,1,0.5,0.7,0.75,0.9,0.7,0.7,1,0.3,0.5,0.8,0,0,0,0.3,0.3,2.2,,gillan01
412,Tyus Jones,29,ORL,PG,19,1,13.4,0.8,2.6,0.32,0.4,1.5,0.241,0.5,1.1,0.429,0.39,0.1,0.1,1,0.2,0.7,0.9,1.8,0.6,0.1,0.3,0.6,2.2,,jonesty01
413,Jamir Watkins,24,WAS,SG,5,0,6.6,0.8,1.6,0.5,0.2,0.8,0.25,0.6,0.8,0.75,0.563,0.4,0.4,1,0.2,1,1.2,0,0,0.2,0.2,1.2,2.2,,watkija01
414,Devin Carter,23,SAC,PG,8,0,8.1,0.6,2.6,0.238,0.3,1.4,0.182,0.4,1.3,0.3,0.286,0.6,0.6,1,0.4,1.1,1.5,1.1,0.8,0.1,0.8,1,2.1,,cartede02
415,Joan Beringer,19,MIN,PF,9,0,4.1,0.9,1.2,0.727,0,0,,0.9,1.2,0.727,0.727,0.2,0.3,0.667,0.2,1.1,1.3,0,0.1,0.2,0.2,1,2,,berinjo01
416,Johni Broome,23,PHI,PF,4,0,6,1,3.5,0.286,0,0.5,0,1,3,0.333,0.286,0,0,,1.3,1,2.3,0.8,0.5,0,0.5,0.3,2,,broomjo01
417,Hunter Dickinson,25,NOP,C,1,0,5,1,2,0.5,0,0,,1,2,0.5,0.5,0,0,,0,0,0,0,0,1,2,2,2,,dickihu01
418,Myron Gardner,24,MIA,SF,3,0,3,0.7,0.7,1,0.7,0.7,1,0,0,,1.5,0,0,,0,0.7,0.7,0.3,0,0,0,1.3,2,,gardnmy01
419,Jeff Green,39,HOU,PF,6,0,3.8,0.7,1.3,0.5,0.7,1.3,0.5,0,0,,0.75,0,0,,0.2,0.3,0.5,0,0,0.2,0,0.3,2,,greenje02
420,Colby Jones,23,DET,SG,1,0,7,1,3,0.333,0,2,0,1,1,1,0.333,0,0,,0,4,4,2,0,0,0,1,2,,jonesco02
421,E.J. Liddell,25,BRK,PF,6,0,4.5,0.7,1.8,0.364,0.3,1.3,0.25,0.3,0.5,0.667,0.455,0.3,0.5,0.667,0.3,1,1.3,0,0,0,0,0.7,2,,liddeej01
422,Wendell Moore Jr.,24,DET,SG,3,0,14.3,1,2,0.5,0,0.3,0,1,1.7,0.6,0.5,0,0,,0.3,1,1.3,1,0.7,0.3,0.3,0.3,2,,moorewe01
423,Daeqwon Plowden,27,SAC,SG,1,0,14,1,5,0.2,0,3,0,1,2,0.5,0.2,0,0,,2,0,2,0,0,0,0,0,2,,plowdda01
424,Will Riley,19,WAS,SF,12,0,6.6,0.8,2,0.417,0.1,0.5,0.167,0.8,1.5,0.5,0.438,0.3,0.5,0.5,0.3,1,1.3,0.8,0.3,0,0.3,0.2,2,,rileywi01
425,Adou Thiero,21,LAL,SF,3,0,3,0.7,0.7,1,0,0,,0.7,0.7,1,1,0.7,0.7,1,0.3,0,0.3,0,0,0,0,1,2,,thierad01
426,Drew Timme,25,LAL,PF,1,0,1,1,2,0.5,0,1,0,1,1,1,0.5,0,0,,0,0,0,0,1,0,0,0,2,,timmedr01
427,PJ Hall,23,MEM,C,7,0,3.9,0.7,1.3,0.556,0.1,0.4,0.333,0.6,0.9,0.667,0.611,0.3,0.4,0.667,0.4,0.9,1.3,0.3,0,0.3,0.1,0.4,1.9,,hallpj01
428,Bronny James,21,LAL,SG,11,1,10.2,0.7,2.5,0.286,0.3,1.1,0.25,0.5,1.5,0.313,0.339,0.2,0.2,1,0.4,0.5,0.8,1.7,0.7,0.1,0.7,1.1,1.9,,jamesbr02
429,Leonard Miller,22,MIN,SF,8,0,4.6,0.8,1.5,0.5,0,0.6,0,0.8,0.9,0.857,0.5,0.4,0.6,0.6,0.1,1.3,1.4,0.5,0.3,0,0.5,0.8,1.9,,millele01
430,Dwight Powell,34,DAL,C,14,0,9.1,0.4,0.9,0.5,0,0,,0.4,0.9,0.5,0.5,1.1,1.3,0.833,1,1,2,0.6,0.3,0.1,0.4,1.9,1.9,,poweldw01
431,Rasheer Fleming,21,PHO,PF,9,0,5.9,0.6,2.2,0.25,0.2,1.3,0.167,0.3,0.9,0.375,0.3,0.4,0.4,1,0.8,0.7,1.4,0.2,0.1,0.1,0.3,0.9,1.8,,flemira01
432,Maxi Kleber,34,LAL,PF,6,0,13,0.7,1.5,0.444,0.3,0.8,0.4,0.3,0.7,0.5,0.556,0.2,0.3,0.5,0.8,1.3,2.2,0.7,0.2,0.5,0.2,2,1.8,,klebima01
433,Cody Martin,30,IND,SF,4,0,13.8,0.5,2.5,0.2,0,1.3,0,0.5,1.3,0.4,0.2,0.8,1.5,0.5,0.3,3.3,3.5,0.5,1,0.5,1,1.3,1.8,,martico01
434,Taelon Peter,23,IND,SG,11,0,8.3,0.5,2.2,0.25,0.5,2,0.227,0.1,0.2,0.5,0.354,0.3,0.3,1,0.4,1,1.4,1.3,0.2,0.2,0.7,0.5,1.8,,peterta01
435,Rayan Rupert,21,POR,SG,12,0,8,0.7,1.8,0.364,0.3,0.9,0.273,0.4,0.9,0.455,0.432,0.2,0.3,0.5,0.2,1.8,2,0.3,0.5,0.1,0.5,1,1.8,,ruperra01
436,Jericho Sims,27,MIL,C,14,1,10,0.8,1,0.786,0,0,,0.8,1,0.786,0.786,0.2,0.3,0.75,0.8,1.3,2.1,0.6,0.2,0.3,0.6,1.1,1.8,,simsje01
437,Nolan Traoré,19,BRK,PG,4,0,8.8,0.5,2.3,0.222,0.5,1.5,0.333,0,0.8,0,0.333,0.3,0.5,0.5,0,0.3,0.3,1.3,0.5,0,0.5,1.3,1.8,,traorno01
438,Dylan Cardwell,24,SAC,C,3,1,11,0.7,2,0.333,0,0.3,0,0.7,1.7,0.4,0.333,0.3,0.7,0.5,0.7,1,1.7,0,0.7,1,0.7,3.3,1.7,,cardwdy01
439,Harrison Ingram,23,SAS,SF,3,0,3.7,0.7,1,0.667,0.3,0.3,1,0.3,0.7,0.5,0.833,0,0,,1,0,1,0,0,0,0,0.7,1.7,,ingraha01
440,Dario Šarić,31,SAC,C,3,0,9.3,0.3,1.7,0.2,0.3,0.7,0.5,0,1,0,0.3,0.7,0.7,1,0.3,1.3,1.7,0.7,0,0,0.3,0,1.7,,saricda01
441,Jamal Cain,26,ORL,SF,5,0,6.2,0.6,1.6,0.375,0.2,1,0.2,0.4,0.6,0.667,0.438,0.2,0.4,0.5,0.4,0.4,0.8,0.4,0.2,0.2,0.4,0.8,1.6,,cainja01
442,Amir Coffey,28,MIL,SG,15,0,8.9,0.6,1.4,0.429,0.2,0.6,0.333,0.4,0.8,0.5,0.5,0.2,0.2,1,0.3,0.7,0.9,0.5,0,0.1,0.1,0.4,1.6,,coffeam01
443,Khaman Maluach,19,PHO,C,8,0,4.8,0.4,0.9,0.429,0,0.4,0,0.4,0.5,0.75,0.429,0.9,1,0.875,0.1,0.6,0.8,0.1,0,0.5,0.6,1,1.6,,maluakh01
444,Jacob Toppin,25,ATL,SF,5,0,3.4,0.8,1.2,0.667,0,0,,0.8,1.2,0.667,0.667,0,0,,0,0.2,0.2,0.2,0,0.2,0,0.2,1.6,,toppija01
445,Chris Youngblood,23,OKC,SG,16,0,5,0.4,1.4,0.318,0.4,1.2,0.316,0.1,0.2,0.333,0.455,0.4,0.4,1,0.1,0.6,0.7,0.3,0.1,0,0.1,0.7,1.6,,youngch01
446,Nigel Hayes-Davis,31,PHO,SF,13,0,7.7,0.7,1.8,0.375,0.1,0.7,0.111,0.6,1.2,0.533,0.396,0.1,0.2,0.5,0.5,0.7,1.2,0.4,0.4,0,0.4,0.8,1.5,,hayesni01
447,DaRon Holmes,23,DEN,PF,2,0,2,0.5,0.5,1,0.5,0.5,1,0,0,,1.5,0,0,,0,0,0,0,0,0,0,0.5,1.5,,holmeda01
448,Spencer Jones,24,DEN,SF,13,2,11.5,0.5,1.1,0.429,0.2,0.7,0.333,0.2,0.4,0.6,0.536,0.3,0.5,0.667,0.8,0.3,1.2,0.5,0.5,0.1,0.6,1.9,1.5,,jonessp01
449,Caleb Martin,30,DAL,SF,16,0,9.6,0.5,1.6,0.308,0.1,0.6,0.111,0.4,1.1,0.412,0.327,0.4,0.5,0.875,0.6,0.9,1.4,0.9,0.4,0.1,0.4,1.9,1.5,,martica02
450,Mason Plumlee,35,CHO,C,8,1,8.3,0.5,0.5,1,0,0,,0.5,0.5,1,1,0.5,0.9,0.571,0.6,1.8,2.4,1.1,0.3,0,0.5,0.3,1.5,,plumlma01
451,Brooks Barnhizer,23,OKC,SG,15,0,7.5,0.6,1.1,0.529,0.1,0.1,0.5,0.5,1,0.533,0.559,0.1,0.3,0.5,0.4,1.7,2.1,0.3,0.1,0.1,0.1,0.7,1.4,,barnhbr01
452,Jae'Sean Tate,30,HOU,SF,9,0,5.9,0.7,1.4,0.462,0.1,0.4,0.25,0.6,1,0.556,0.5,0,0,,0.1,0.8,0.9,0.1,0.1,0,0.1,1.2,1.4,,tateja01
453,Isaac Jones,25,2TM,PF,4,1,4.5,0.5,1,0.5,0,0.5,0,0.5,0.5,1,0.5,0.3,0.5,0.5,0.5,0,0.5,0.3,0,0,0,1,1.3,,jonesis01
453,Isaac Jones,25,SAC,PF,3,1,5.7,0.3,0.7,0.5,0,0.3,0,0.3,0.3,1,0.5,0.3,0.7,0.5,0.7,0,0.7,0.3,0,0,0,1.3,1,,jonesis01
453,Isaac Jones,25,DET,PF,1,0,1,1,2,0.5,0,1,0,1,1,1,0.5,0,0,,0,0,0,0,0,0,0,0,2,,jonesis01
454,Johnny Juzang,24,MIN,SG,7,0,3,0.4,1.3,0.333,0.3,1,0.286,0.1,0.3,0.5,0.444,0.1,0.3,0.5,0.1,0.3,0.4,0.1,0,0,0.1,0.4,1.3,,juzanjo01
455,Drew Peterson,26,CHO,PF,4,0,13.3,0.5,3.5,0.143,0,2.8,0,0.5,0.8,0.667,0.143,0.3,0.5,0.5,0.5,1.3,1.8,0.5,0.8,0.3,0,0.8,1.3,,peterdr01
456,Garrett Temple,39,TOR,SG,3,0,3.3,0.3,0.7,0.5,0.3,0.7,0.5,0,0,,0.75,0.3,0.7,0.5,0,0.3,0.3,0.3,0,0.3,0.3,0.3,1.3,,templga01
457,Thanasis Antetokounmpo,33,MIL,SF,6,0,2.5,0.3,0.5,0.667,0,0,,0.3,0.5,0.667,0.667,0.5,0.5,1,0.2,0.2,0.3,0,0.3,0.5,0,0.5,1.2,,antetth01
458,Andre Jackson Jr.,24,MIL,SG,8,0,7.3,0.4,1.6,0.231,0.3,1,0.25,0.1,0.6,0.2,0.308,0.1,0.3,0.5,0.4,0.4,0.8,1.6,0.5,0.1,0.5,1.1,1.1,,jacksan01
459,Tyson Etienne,26,BRK,PG,6,0,4.7,0.3,2.2,0.154,0.3,1.8,0.182,0,0.3,0,0.231,0,0,,0,0,0,0,0,0,0,0.5,1,,etienty01
460,Miles Kelly,23,DAL,PG,2,0,5.5,0.5,1,0.5,0,0.5,0,0.5,0.5,1,0.5,0,0,,0.5,1.5,2,0,0,0,0.5,1,1,,kellymi02
461,Hunter Sallis,22,PHI,SG,5,0,3.4,0.4,0.6,0.667,0,0,,0.4,0.6,0.667,0.667,0.2,0.4,0.5,0,0.2,0.2,0.6,0,0.2,0.8,0.4,1,,sallihu01
462,Amari Williams,24,BOS,PF,3,0,7.3,0.3,0.7,0.5,0,0,,0.3,0.7,0.5,0.5,0.3,0.7,0.5,0.3,1.3,1.7,0.3,0.3,0.7,0,0.7,1,,william01
463,Mohamed Diawara,20,NYK,SF,11,0,3.2,0.4,0.8,0.444,0.2,0.5,0.4,0.2,0.4,0.5,0.556,0,0.2,0,0.2,0.5,0.6,0.5,0.2,0.1,0.4,0.6,0.9,,diawamo01
464,AJ Johnson,21,WAS,SG,8,0,4.8,0.3,1.4,0.182,0,0.3,0,0.3,1.1,0.222,0.182,0.4,0.5,0.75,0.3,0.4,0.6,0.5,0,0,0.1,0.4,0.9,,johnsaj01
465,Jonathan Mogbo,24,TOR,PF,7,0,5,0.4,0.9,0.5,0,0,,0.4,0.9,0.5,0.5,0,0,,0.4,0.9,1.3,0.6,0.1,0.3,0.1,0.6,0.9,,mogbojo01
466,N'Faly Dante,24,ATL,C,4,0,3.8,0.3,1,0.25,0,0,,0.3,1,0.25,0.25,0.3,0.3,1,0.8,1,1.8,0,0.5,0,0.3,0.3,0.8,,nfalyda01
467,Ariel Hukporti,23,NYK,C,11,2,6.7,0.4,0.8,0.444,0,0,,0.4,0.8,0.444,0.444,0.1,0.4,0.25,0.9,1.3,2.2,0.5,0.1,0.3,0.5,0.8,0.8,,hukpoar01
468,Danny Wolf,21,BRK,PF,3,0,2.7,0,0.3,0,0,0,,0,0.3,0,0,0.7,0.7,1,0,0.7,0.7,0.7,0,0,0,0,0.7,,wolfda01
469,Pacome Dadiet,20,NYK,SG,8,0,2.6,0.1,0.8,0.167,0,0.4,0,0.1,0.4,0.333,0.167,0.3,0.3,1,0,0.6,0.6,0.3,0,0,0,0.1,0.5,,dadiepa01
470,Bismack Biyombo,33,SAS,C,6,0,7.7,0.2,0.3,0.5,0,0,,0.2,0.3,0.5,0.5,0,0,,0.3,0.7,1,0.3,0.5,0.2,0.3,1.5,0.3,,biyombi01
471,Hunter Tyson,25,DEN,PF,6,0,4.2,0,1.3,0,0,0.8,0,0,0.5,0,0,0.3,0.3,1,0.2,1.7,1.8,0.3,0.2,0,0,0.3,0.3,,tysonhu01
472,Jahmyl Telfort,24,LAC,PF,7,0,4.1,0,0.6,0,0,0.6,0,0,0,,0,0.1,0.6,0.25,0,0.4,0.4,0.1,0.1,0,0.1,0.6,0.1,,telfoja01
473,Sharife Cooper,24,WAS,PG,3,0,2.3,0,0,,0,0,,0,0,,,0,0,,0,0,0,0,0,0,0.3,0.3,0,,coopesh01
474,Isaiah Crawford,24,HOU,SF,1,0,3,0,0,,0,0,,0,0,,,0,0,,0,0,0,0,0,0,0,0,0,,crawfis01
475,Noa Essengue,19,CHI,PF,2,0,3,0,1.5,0,0,1,0,0,0.5,0,0,0,0,,0,0,0,0,0.5,0,0,0.5,0,,essenno01
476,Tosan Evbuomwan,24,NYK,SF,1,0,3,0,1,0,0,0,,0,1,0,0,0,0,,0,1,1,0,0,0,0,0,0,,evbuoto01
477,Joe Ingles,38,MIN,SF,6,0,3.8,0,0.3,0,0,0.3,0,0,0,,0,0,0,,0,0,0,1,0.2,0,0,0.3,0,,inglejo01
478,Trey Jemison,26,NYK,C,2,0,5,0,0,,0,0,,0,0,,,0,0,,0.5,0.5,1,0,0,0,0.5,1,0,,jemistr01
479,Christian Koloko,25,LAL,C,2,0,3,0,0,,0,0,,0,0,,,0,0,,0,0.5,0.5,0,0,0,0,0.5,0,,kolokch01
480,Chris Mañon,24,LAL,SG,2,0,3.5,0,0.5,0,0,0.5,0,0,0,,0,0,0,,0,1,1,0,0,0.5,0,1,0,,manonch01
481,Garrison Mathews,29,IND,SG,3,0,5.3,0,1,0,0,1,0,0,0,,0,0,0,,0,0.7,0.7,0.3,0,0,0.3,0.3,0,,mathega01
482,Kenrich Williams,31,OKC,PF,1,0,13,0,1,0,0,0,,0,1,0,0,0,0,,0,4,4,1,0,0,0,2,0,,willike04
,League Average,,,,,,,,,0.468,,,0.358,,,0.547,0.543,,,0.789,,,,,,,,,,,-9999
